daily_rate,hotel_type,is_canceled,days_in_advance,arrival_date_year,arrival_date_month,arrival_date_week_number,arrival_date_day_of_month,stays_in_weekend_nights,stays_in_week_nights,adults,children,babies,is_repeated_guest,previous_cancellations,previous_bookings_not_canceled,reserved_room_type,assigned_room_type,booking_changes,deposit_type,required_car_parking_spaces,total_of_special_requests,reservation_status,reservation_status_date
76.5,City Hotel,no,226,2016,July,30,22,0,2,2,0,0,0,0,0,A,D,0,No Deposit,0,1,Check-Out,2016-07-24
117,City Hotel,no,147,2017,August,35,28,1,5,2,0,0,0,0,0,A,A,0,No Deposit,0,1,Check-Out,2017-09-03
107.1,City Hotel,no,53,2016,July,28,3,2,1,2,0,0,0,0,0,A,A,0,No Deposit,0,1,Check-Out,2016-07-06
54.05,City Hotel,no,48,2017,January,4,25,0,2,1,0,0,0,0,0,A,A,0,No Deposit,0,1,Check-Out,2017-01-27
146.96,City Hotel,no,57,2016,September,39,24,2,5,2,0,0,0,0,0,D,A,0,No Deposit,0,1,Check-Out,2016-10-01
247,City Hotel,no,72,2017,July,27,2,2,0,3,0,0,0,0,0,D,D,0,No Deposit,0,1,Check-Out,2017-07-04
126.67,City Hotel,yes,31,2017,June,24,11,2,1,2,0,0,0,0,0,A,A,2,No Deposit,0,1,Canceled,2017-05-12
81.08,City Hotel,no,60,2016,July,30,20,0,1,2,0,0,0,0,0,A,A,0,No Deposit,0,1,Check-Out,2016-07-21
95.64,Resort Hotel,no,0,2016,July,28,3,1,0,2,0,0,0,0,0,A,A,0,No Deposit,1,0,Check-Out,2016-07-04
122,City Hotel,yes,84,2016,December,52,22,0,1,2,1,0,0,0,0,A,A,0,No Deposit,0,0,Canceled,2016-12-16
80.75,City Hotel,no,91,2016,May,20,12,0,3,2,0,0,0,0,0,A,B,1,No Deposit,0,0,Check-Out,2016-05-15
65.7,Resort Hotel,no,129,2016,May,22,22,2,1,2,0,0,0,0,0,D,E,0,No Deposit,0,2,Check-Out,2016-05-25
177.3,City Hotel,yes,92,2016,July,29,14,0,2,2,2,0,0,0,0,F,F,0,No Deposit,0,0,Canceled,2016-04-14
79.2,City Hotel,no,57,2016,November,46,11,0,2,2,0,0,0,0,0,A,A,0,No Deposit,0,1,Check-Out,2016-11-13
117,City Hotel,no,90,2017,May,20,14,2,0,2,0,0,0,0,0,A,F,0,No Deposit,0,0,Check-Out,2017-05-16
159,City Hotel,no,12,2017,July,29,20,0,2,2,1,0,0,0,0,A,A,0,No Deposit,0,3,Check-Out,2017-07-22
116.1,City Hotel,yes,53,2016,April,18,30,0,1,1,0,0,0,0,0,A,A,0,No Deposit,0,0,Canceled,2016-04-14
125,City Hotel,no,115,2017,August,34,20,2,1,2,0,0,0,0,0,A,A,0,No Deposit,0,2,Check-Out,2017-08-23
77.71,City Hotel,no,0,2016,August,36,30,0,2,2,0,0,0,0,0,A,A,0,No Deposit,0,0,Check-Out,2016-09-01
130.5,City Hotel,no,82,2017,July,27,2,2,1,2,0,0,0,0,0,D,D,2,No Deposit,0,1,Check-Out,2017-07-05
108,City Hotel,yes,211,2017,August,34,22,0,1,1,0,0,0,0,0,A,A,0,No Deposit,0,1,Canceled,2017-05-05
145,City Hotel,yes,23,2016,July,28,5,0,2,1,0,0,0,0,0,A,A,0,No Deposit,0,0,No-Show,2016-07-05
62.83,City Hotel,no,34,2017,January,2,14,3,6,1,0,0,0,0,0,A,A,0,No Deposit,0,1,Check-Out,2017-01-23
75.4,City Hotel,no,88,2016,October,45,30,2,1,2,0,0,0,0,0,A,A,0,No Deposit,0,3,Check-Out,2016-11-02
79.2,City Hotel,no,71,2016,November,45,3,0,1,2,0,0,0,0,0,A,A,2,No Deposit,0,2,Check-Out,2016-11-04
119,City Hotel,yes,88,2016,December,51,17,2,5,3,0,0,0,0,0,D,D,2,No Deposit,0,1,Canceled,2016-12-16
108,City Hotel,yes,78,2017,April,17,28,0,1,2,0,0,0,0,0,A,E,0,No Deposit,0,0,Canceled,2017-04-24
139,City Hotel,no,22,2017,July,28,12,0,2,2,0,0,0,0,0,A,A,0,No Deposit,0,1,Check-Out,2017-07-14
127.8,City Hotel,no,154,2016,September,40,25,1,0,2,0,0,0,0,0,A,A,0,No Deposit,0,0,Check-Out,2016-09-26
75.28,City Hotel,no,0,2016,October,43,22,0,1,1,0,0,0,0,0,A,A,1,No Deposit,0,0,Check-Out,2016-10-23
79.2,City Hotel,yes,76,2016,November,46,6,1,0,2,0,0,0,0,0,A,A,0,No Deposit,0,2,Canceled,2016-10-31
78.54,City Hotel,no,2,2017,February,7,17,2,3,1,0,0,0,0,0,A,A,0,No Deposit,0,0,Check-Out,2017-02-22
68,Resort Hotel,no,1,2017,February,7,17,0,2,2,0,0,0,0,0,D,D,0,No Deposit,0,1,Check-Out,2017-02-19
80.1,City Hotel,no,120,2017,August,31,3,2,3,2,0,0,0,0,0,A,A,0,No Deposit,0,0,Check-Out,2017-08-08
144,City Hotel,no,131,2017,June,23,8,0,3,2,0,0,0,0,0,A,A,0,No Deposit,0,1,Check-Out,2017-06-11
98.1,City Hotel,yes,176,2017,July,29,18,0,1,1,0,0,0,0,0,A,A,0,No Deposit,0,0,Canceled,2017-05-19
259,City Hotel,no,14,2017,July,29,19,0,1,2,2,0,0,0,0,F,F,0,No Deposit,0,1,Check-Out,2017-07-20
115.2,City Hotel,no,68,2017,July,30,24,1,1,2,0,0,0,0,0,D,D,0,No Deposit,0,1,Check-Out,2017-07-26
108,City Hotel,no,82,2017,May,18,3,0,3,2,0,0,0,0,0,A,A,0,No Deposit,0,1,Check-Out,2017-05-06
145,City Hotel,yes,11,2016,July,28,5,2,6,1,0,0,0,0,0,A,A,0,No Deposit,0,0,No-Show,2016-07-05
79.17,City Hotel,no,5,2016,March,12,19,2,1,1,0,0,0,0,0,A,A,1,No Deposit,0,0,Check-Out,2016-03-22
111,Resort Hotel,yes,16,2017,April,17,29,1,1,2,0,0,0,0,0,D,D,0,No Deposit,0,0,Canceled,2017-04-18
78.25,City Hotel,no,9,2016,January,5,29,0,2,2,0,0,0,0,0,B,B,1,No Deposit,0,1,Check-Out,2016-01-31
96.25,Resort Hotel,no,8,2016,April,16,14,0,1,1,0,0,0,0,0,G,G,0,No Deposit,0,0,Check-Out,2016-04-15
95.56,City Hotel,yes,237,2016,December,53,28,2,5,2,0,0,0,0,0,A,A,1,No Deposit,0,0,Canceled,2016-06-13
79.2,City Hotel,no,94,2016,November,45,3,1,3,2,0,0,0,0,0,A,A,0,No Deposit,0,1,Check-Out,2016-11-07
85.27,City Hotel,yes,131,2016,November,47,13,2,4,2,0,0,0,0,0,A,A,0,No Deposit,0,1,Canceled,2016-09-06
150.9,City Hotel,yes,52,2016,August,35,27,2,1,3,0,0,0,0,0,D,D,0,No Deposit,0,1,Canceled,2016-08-14
91.85,City Hotel,yes,315,2017,July,27,7,0,1,0,2,0,0,0,0,B,B,2,No Deposit,0,2,Canceled,2016-09-19
157.99,Resort Hotel,no,49,2017,August,34,25,1,2,2,0,0,0,0,0,A,A,0,No Deposit,0,1,Check-Out,2017-08-28
72.9,City Hotel,yes,69,2016,March,11,12,1,1,2,0,0,0,0,0,A,A,1,No Deposit,0,1,Canceled,2016-01-08
68.07,City Hotel,no,32,2017,January,1,4,0,4,2,0,0,0,0,0,A,A,0,No Deposit,0,1,Check-Out,2017-01-08
58,Resort Hotel,no,0,2016,February,7,12,0,1,2,0,0,0,0,0,A,E,0,No Deposit,0,0,Check-Out,2016-02-13
87,Resort Hotel,no,2,2016,April,15,4,1,1,2,0,0,0,0,0,E,E,0,No Deposit,0,1,Check-Out,2016-04-06
207,Resort Hotel,yes,114,2016,July,30,21,1,3,2,0,0,0,0,0,E,E,1,No Deposit,0,0,Canceled,2016-03-29
120,City Hotel,yes,78,2017,July,27,6,0,3,2,0,0,0,0,0,A,A,0,No Deposit,0,1,Canceled,2017-05-20
119,City Hotel,no,5,2016,June,23,2,0,1,2,0,0,0,0,0,A,G,0,No Deposit,0,0,Check-Out,2016-06-03
150,City Hotel,no,142,2017,August,34,24,0,1,2,0,0,0,0,0,D,E,1,No Deposit,0,2,Check-Out,2017-08-25
89,City Hotel,no,0,2016,February,9,27,0,1,2,0,0,0,0,0,A,A,1,No Deposit,0,1,Check-Out,2016-02-28
160,Resort Hotel,no,0,2017,July,28,9,1,0,1,0,0,0,0,0,G,G,0,No Deposit,0,0,Check-Out,2017-07-10
191.7,City Hotel,yes,32,2016,June,24,8,0,4,2,2,0,0,0,0,F,F,0,No Deposit,0,0,Canceled,2016-05-30
140,City Hotel,no,60,2017,August,35,27,1,0,1,0,0,0,0,0,A,A,0,No Deposit,0,2,Check-Out,2017-08-28
145,Resort Hotel,no,5,2016,May,22,28,1,1,2,2,0,0,0,0,G,G,0,No Deposit,0,0,Check-Out,2016-05-30
130.5,City Hotel,no,177,2017,June,25,24,2,1,2,0,0,0,0,0,D,D,4,No Deposit,0,3,Check-Out,2017-06-27
73.33,City Hotel,no,220,2016,June,23,4,2,1,2,0,0,0,0,0,A,C,1,No Deposit,0,1,Check-Out,2016-06-07
88,City Hotel,yes,69,2017,January,4,25,0,2,2,0,0,0,0,0,A,A,3,No Deposit,0,0,Canceled,2016-12-30
211,City Hotel,no,14,2016,May,21,15,2,0,2,2,0,0,0,0,F,F,0,No Deposit,0,2,Check-Out,2016-05-17
215,City Hotel,no,1,2016,September,40,30,1,2,1,0,0,0,0,0,E,E,1,No Deposit,0,0,Check-Out,2016-10-03
121,City Hotel,no,14,2016,June,24,8,0,1,2,0,0,0,0,0,A,A,0,No Deposit,0,1,Check-Out,2016-06-09
150,City Hotel,yes,9,2017,May,18,3,0,4,2,0,0,0,0,0,A,A,0,No Deposit,0,1,Canceled,2017-04-26
160,City Hotel,yes,36,2017,June,26,29,0,1,2,0,0,0,0,0,A,A,0,No Deposit,0,1,Canceled,2017-05-26
93.33,City Hotel,no,5,2016,March,12,19,2,1,2,0,0,0,0,0,A,A,0,No Deposit,0,0,Check-Out,2016-03-22
120,City Hotel,no,29,2017,June,24,11,1,0,2,0,0,0,0,0,A,A,0,No Deposit,0,1,Check-Out,2017-06-12
79.2,City Hotel,no,147,2017,June,24,16,1,2,2,0,0,0,0,0,A,A,0,No Deposit,0,0,Check-Out,2017-06-19
89.25,City Hotel,no,102,2016,May,19,1,2,2,1,0,0,0,0,0,A,A,0,No Deposit,0,2,Check-Out,2016-05-05
89,Resort Hotel,no,88,2017,February,8,25,1,1,2,2,0,0,0,0,G,G,0,No Deposit,1,1,Check-Out,2017-02-27
160,City Hotel,yes,28,2017,May,21,22,1,2,1,0,0,0,0,0,A,A,0,No Deposit,0,1,No-Show,2017-05-22
81,City Hotel,no,22,2016,February,8,19,0,2,2,0,0,0,0,0,A,A,0,No Deposit,0,1,Check-Out,2016-02-21
38,Resort Hotel,no,0,2016,January,2,7,2,4,2,0,0,0,0,0,A,A,4,No Deposit,0,0,Check-Out,2016-01-13
72,City Hotel,no,226,2017,March,10,7,0,2,2,0,0,0,0,0,A,A,0,No Deposit,0,0,Check-Out,2017-03-09
101.33,City Hotel,no,476,2017,July,28,15,2,4,2,0,0,0,0,0,A,A,2,No Deposit,0,1,Check-Out,2017-07-21
90.1,City Hotel,no,3,2017,January,1,5,0,3,1,0,0,0,0,0,A,A,0,No Deposit,0,1,Check-Out,2017-01-08
43.89,Resort Hotel,no,28,2016,October,43,18,0,2,2,0,0,0,0,0,A,A,0,No Deposit,0,1,Check-Out,2016-10-20
257,City Hotel,no,9,2016,May,21,21,2,2,2,0,0,0,0,0,G,G,0,No Deposit,0,0,Check-Out,2016-05-25
85,City Hotel,no,80,2016,September,37,4,2,4,1,0,0,0,0,0,A,A,1,No Deposit,0,0,Check-Out,2016-09-10
95.2,City Hotel,no,9,2017,July,29,21,0,2,2,0,0,0,0,0,A,A,0,No Deposit,0,1,Check-Out,2017-07-23
202.74,City Hotel,no,116,2016,August,33,12,0,1,2,2,0,0,0,0,G,G,0,No Deposit,0,1,Check-Out,2016-08-13
82.66,City Hotel,no,0,2016,July,30,23,0,1,2,0,0,0,0,0,A,A,0,No Deposit,0,0,Check-Out,2016-07-24
80.75,City Hotel,no,196,2016,May,20,12,1,3,2,0,0,0,0,0,A,A,3,No Deposit,0,1,Check-Out,2016-05-16
175.5,City Hotel,yes,150,2017,July,29,22,2,1,3,0,0,0,0,0,D,D,0,No Deposit,0,0,Canceled,2017-02-22
148.5,City Hotel,no,230,2017,August,33,16,0,3,2,1,0,0,0,0,A,A,0,No Deposit,0,2,Check-Out,2017-08-19
152.1,City Hotel,yes,155,2017,July,29,17,1,1,2,0,0,0,0,0,D,D,0,No Deposit,0,0,Canceled,2017-02-12
89,City Hotel,no,1,2016,January,2,6,0,1,2,0,0,0,0,0,A,B,0,No Deposit,0,0,Check-Out,2016-01-07
30.99,Resort Hotel,no,0,2017,January,2,9,1,0,2,0,0,1,0,0,A,A,0,No Deposit,0,0,Check-Out,2017-01-10
103,City Hotel,no,0,2017,March,11,16,0,1,1,0,0,0,0,0,A,A,0,No Deposit,0,0,Check-Out,2017-03-17
108.9,City Hotel,yes,193,2016,September,36,3,0,1,2,0,0,0,0,0,A,A,1,No Deposit,0,1,Canceled,2016-05-28
98.33,Resort Hotel,yes,55,2017,April,15,14,1,2,2,0,0,0,0,0,A,A,0,No Deposit,0,0,Canceled,2017-02-20
139.5,City Hotel,no,183,2017,May,22,28,2,0,2,0,0,0,0,0,D,D,1,No Deposit,0,1,Check-Out,2017-05-30
136,Resort Hotel,no,0,2016,September,40,30,0,1,1,0,0,0,0,0,D,D,0,No Deposit,1,1,Check-Out,2016-10-01
183,City Hotel,yes,88,2017,May,19,12,1,2,3,0,0,0,0,0,D,D,0,No Deposit,0,0,Canceled,2017-03-07
48,Resort Hotel,no,17,2017,January,4,26,0,3,2,0,0,0,0,0,A,D,0,No Deposit,0,1,Check-Out,2017-01-29
84.33,City Hotel,no,133,2016,March,11,11,1,2,2,0,0,0,0,0,A,D,0,No Deposit,0,1,Check-Out,2016-03-14
99,Resort Hotel,no,21,2017,April,15,11,0,1,2,0,0,0,0,0,E,F,0,No Deposit,0,1,Check-Out,2017-04-12
71.1,City Hotel,yes,35,2016,March,12,14,1,2,2,0,0,0,0,0,A,A,0,No Deposit,0,0,No-Show,2016-03-14
117,City Hotel,yes,55,2017,April,15,9,2,3,1,0,0,0,0,0,A,A,0,No Deposit,0,0,Canceled,2017-04-04
88,City Hotel,no,14,2017,May,22,30,0,1,1,0,0,0,0,0,A,A,0,No Deposit,0,0,Check-Out,2017-05-31
99,City Hotel,yes,50,2016,September,36,2,0,1,2,0,0,0,0,0,A,A,0,No Deposit,0,0,Canceled,2016-07-16
90.95,City Hotel,no,160,2016,June,27,30,1,3,2,0,0,0,0,0,A,A,0,No Deposit,0,1,Check-Out,2016-07-04
143.43,City Hotel,no,17,2016,November,46,9,0,4,2,0,0,0,0,0,D,D,0,No Deposit,0,1,Check-Out,2016-11-13
136,Resort Hotel,no,27,2016,April,16,10,2,2,3,1,0,0,0,0,G,H,3,No Deposit,1,0,Check-Out,2016-04-14
180.67,City Hotel,no,6,2016,August,34,15,1,2,2,0,0,0,0,0,D,D,0,No Deposit,0,1,Check-Out,2016-08-18
92.93,City Hotel,no,4,2016,August,32,2,0,1,2,0,0,0,0,0,A,A,0,No Deposit,0,0,Check-Out,2016-08-03
93,City Hotel,no,2,2016,February,6,1,1,3,2,0,1,0,0,0,A,D,1,No Deposit,0,2,Check-Out,2016-02-05
60.98,City Hotel,no,73,2016,December,49,3,0,1,2,0,0,0,0,0,A,D,0,No Deposit,0,1,Check-Out,2016-12-04
57.05,City Hotel,no,7,2017,January,4,26,0,3,1,0,0,0,0,0,A,A,0,No Deposit,1,0,Check-Out,2017-01-29
85.03,City Hotel,no,0,2016,September,38,11,1,0,1,0,0,0,0,0,A,A,1,No Deposit,0,0,Check-Out,2016-09-12
203.67,Resort Hotel,no,212,2017,August,32,11,2,4,2,0,0,0,0,0,E,E,1,No Deposit,0,4,Check-Out,2017-08-17
186,City Hotel,no,141,2017,August,34,23,0,2,2,0,0,0,0,0,D,D,1,No Deposit,0,2,Check-Out,2017-08-25
155,City Hotel,yes,4,2017,April,15,15,1,1,2,0,0,0,0,0,A,A,0,No Deposit,0,0,Canceled,2017-04-14
81.2,City Hotel,no,168,2016,April,17,21,2,3,2,0,0,0,0,0,A,A,1,No Deposit,0,1,Check-Out,2016-04-26
99,City Hotel,yes,327,2017,May,18,2,0,2,1,0,0,0,0,0,A,A,0,No Deposit,0,0,Canceled,2016-06-09
103.05,City Hotel,no,202,2017,April,15,9,2,1,0,2,0,0,0,0,B,B,0,No Deposit,0,1,Check-Out,2017-04-12
106,City Hotel,no,141,2017,August,32,12,2,1,2,0,0,0,0,0,A,A,0,No Deposit,0,0,Check-Out,2017-08-15
146,City Hotel,no,76,2017,June,24,12,1,0,2,0,0,0,0,0,A,A,1,No Deposit,0,0,Check-Out,2017-06-13
134.1,City Hotel,yes,57,2017,May,19,10,0,1,2,0,0,0,0,0,A,A,0,No Deposit,0,0,Canceled,2017-03-15
79.2,City Hotel,no,55,2016,December,50,9,1,2,2,0,0,0,0,0,A,A,0,No Deposit,0,1,Check-Out,2016-12-12
140.4,City Hotel,yes,36,2016,April,18,30,2,2,1,0,0,0,0,0,D,D,0,No Deposit,0,0,Canceled,2016-04-11
102.6,City Hotel,no,36,2016,October,42,13,0,1,1,0,0,0,0,0,A,A,0,No Deposit,0,2,Check-Out,2016-10-14
105,Resort Hotel,no,49,2016,May,22,25,0,1,2,0,0,0,0,0,F,F,0,No Deposit,0,1,Check-Out,2016-05-26
137.7,City Hotel,yes,125,2016,August,34,20,1,1,3,0,0,0,0,0,D,D,0,No Deposit,0,1,Canceled,2016-08-16
168.33,Resort Hotel,no,34,2016,June,23,2,0,3,2,0,0,0,0,0,F,F,0,No Deposit,1,0,Check-Out,2016-06-05
190,City Hotel,no,0,2017,May,18,2,0,2,1,0,0,0,0,0,E,E,1,No Deposit,0,1,Check-Out,2017-05-04
73.33,City Hotel,no,220,2016,June,23,4,2,1,2,0,0,0,0,0,A,A,0,No Deposit,0,1,Check-Out,2016-06-07
109.85,City Hotel,no,3,2016,June,24,7,0,3,1,0,0,0,0,0,D,A,0,No Deposit,0,2,Check-Out,2016-06-10
221,City Hotel,yes,16,2016,June,24,11,0,1,2,2,0,0,0,0,F,F,0,No Deposit,0,0,Canceled,2016-05-28
112.67,City Hotel,no,451,2017,July,28,12,0,3,2,0,0,0,0,0,A,E,0,No Deposit,0,1,Check-Out,2017-07-15
88,City Hotel,no,23,2017,March,9,2,0,3,1,0,0,0,0,0,A,A,0,No Deposit,0,1,Check-Out,2017-03-05
129.2,City Hotel,yes,53,2016,June,25,12,1,0,2,0,0,0,0,0,D,D,0,No Deposit,0,1,Canceled,2016-05-09
122,Resort Hotel,no,130,2017,June,22,1,1,3,1,0,0,0,0,0,A,A,3,No Deposit,1,1,Check-Out,2017-06-05
175.5,City Hotel,yes,168,2017,August,35,27,2,1,3,0,0,0,0,0,D,D,0,No Deposit,0,0,Canceled,2017-05-09
108,City Hotel,no,183,2017,May,22,28,2,0,2,0,0,0,0,0,A,A,2,No Deposit,0,1,Check-Out,2017-05-30
80,Resort Hotel,no,1,2017,May,21,24,0,1,1,0,0,0,0,0,A,E,0,No Deposit,0,0,Check-Out,2017-05-25
119.83,City Hotel,yes,168,2017,August,32,6,4,10,1,0,0,0,0,0,A,A,0,No Deposit,0,1,Canceled,2017-02-21
76.23,City Hotel,no,148,2017,June,25,22,0,1,2,0,0,0,0,0,A,A,0,No Deposit,0,0,Check-Out,2017-06-23
79.64,City Hotel,yes,106,2017,March,13,28,0,5,2,0,0,0,0,0,A,A,0,No Deposit,0,2,Canceled,2017-01-03
102.6,City Hotel,no,36,2016,October,42,13,0,1,1,0,0,0,0,0,A,A,0,No Deposit,0,2,Check-Out,2016-10-14
90,City Hotel,no,127,2016,April,18,28,1,3,2,0,0,0,0,0,A,A,0,No Deposit,0,0,Check-Out,2016-05-02
182,City Hotel,yes,13,2017,May,20,16,0,5,2,0,0,0,0,0,D,D,0,No Deposit,0,2,Canceled,2017-05-06
259,City Hotel,no,0,2017,August,33,16,0,1,2,2,0,0,0,0,F,F,0,No Deposit,0,1,Check-Out,2017-08-17
138.6,Resort Hotel,no,54,2016,September,37,10,0,1,2,0,0,0,0,0,A,A,1,No Deposit,0,0,Check-Out,2016-09-11
223.2,City Hotel,no,53,2016,October,41,8,3,6,2,0,0,0,0,0,G,G,0,No Deposit,0,1,Check-Out,2016-10-17
103,Resort Hotel,no,1,2017,June,22,2,0,2,2,0,0,1,0,0,A,A,0,No Deposit,1,1,Check-Out,2017-06-04
68.61,City Hotel,no,158,2017,July,29,18,0,1,2,0,0,0,0,0,A,A,0,No Deposit,0,0,Check-Out,2017-07-19
190,Resort Hotel,no,32,2017,July,29,20,0,1,2,0,0,0,0,0,A,A,0,No Deposit,0,1,Check-Out,2017-07-21
122.4,City Hotel,yes,196,2016,October,41,8,1,1,2,0,0,0,0,0,D,D,0,No Deposit,0,0,Canceled,2016-08-16
130.13,Resort Hotel,no,25,2016,June,26,25,1,1,2,0,0,0,0,0,F,F,0,No Deposit,0,1,Check-Out,2016-06-27
106.28,City Hotel,no,0,2016,September,38,15,0,1,2,0,0,0,0,0,A,A,0,No Deposit,0,0,Check-Out,2016-09-16
311,Resort Hotel,no,25,2016,August,35,24,0,2,2,2,0,0,0,0,G,G,0,No Deposit,1,1,Check-Out,2016-08-26
264.44,City Hotel,no,6,2017,August,34,21,1,0,2,3,0,0,0,0,G,G,0,No Deposit,0,2,Check-Out,2017-08-22
41.6,Resort Hotel,no,241,2017,March,12,21,2,5,2,0,0,0,0,0,D,D,0,No Deposit,0,0,Check-Out,2017-03-28
120.6,City Hotel,yes,60,2016,July,29,11,1,4,2,0,0,0,0,0,D,D,0,No Deposit,0,0,Canceled,2016-06-13
154,Resort Hotel,no,146,2017,June,24,15,0,2,2,0,0,0,0,0,E,E,0,No Deposit,0,1,Check-Out,2017-06-17
116.1,City Hotel,yes,146,2017,July,27,8,2,3,2,0,0,0,0,0,D,D,0,No Deposit,0,0,Canceled,2017-05-17
87.04,City Hotel,no,31,2016,April,17,23,2,1,2,0,0,0,0,0,D,E,0,No Deposit,0,0,Check-Out,2016-04-26
108,City Hotel,no,40,2016,September,38,13,0,4,1,0,0,0,0,0,A,A,1,No Deposit,0,0,Check-Out,2016-09-17
85,City Hotel,no,23,2017,March,11,12,1,0,2,0,0,1,0,1,A,A,0,No Deposit,0,1,Check-Out,2017-03-13
134,City Hotel,no,318,2017,July,30,26,0,2,2,0,0,0,0,0,D,D,0,No Deposit,0,1,Check-Out,2017-07-28
140,City Hotel,no,53,2017,June,24,16,1,2,2,0,0,0,0,0,A,A,0,No Deposit,0,0,Check-Out,2017-06-19
145.5,City Hotel,no,64,2016,September,36,2,0,1,2,1,0,0,0,0,A,E,1,No Deposit,1,2,Check-Out,2016-09-03
112.67,City Hotel,no,504,2017,August,32,12,2,1,2,0,0,0,0,0,A,A,0,No Deposit,0,1,Check-Out,2017-08-15
210,City Hotel,yes,7,2017,July,29,17,1,1,3,0,0,0,0,0,D,D,0,No Deposit,0,0,Canceled,2017-07-11
169,Resort Hotel,yes,36,2016,September,40,27,0,2,2,2,0,0,0,0,G,G,0,No Deposit,0,0,Canceled,2016-08-29
100.2,City Hotel,no,9,2017,April,14,2,1,0,2,0,0,0,0,0,A,A,0,No Deposit,0,0,Check-Out,2017-04-03
76,Resort Hotel,no,25,2017,May,21,23,0,1,2,0,0,0,0,0,D,D,0,No Deposit,0,1,Check-Out,2017-05-24
112.5,City Hotel,no,100,2016,July,28,4,1,0,2,0,0,0,0,0,A,A,0,No Deposit,1,1,Check-Out,2016-07-05
109.8,City Hotel,no,62,2016,September,36,3,2,1,2,0,0,0,0,0,A,A,0,No Deposit,0,2,Check-Out,2016-09-06
103.5,City Hotel,yes,101,2016,July,28,3,2,5,1,0,0,0,0,0,A,A,0,No Deposit,0,0,Canceled,2016-05-20
125.1,City Hotel,yes,61,2016,September,38,12,1,1,2,0,0,0,0,0,A,A,0,No Deposit,0,0,Canceled,2016-07-27
182.95,City Hotel,no,32,2016,August,35,23,0,3,2,2,0,0,0,0,E,E,2,No Deposit,1,2,Check-Out,2016-08-26
62.4,City Hotel,no,3,2017,February,9,27,1,0,1,0,0,0,0,0,A,A,0,No Deposit,0,0,Check-Out,2017-02-28
73,City Hotel,no,221,2016,August,33,12,0,1,1,0,0,0,0,0,A,B,0,No Deposit,0,0,Check-Out,2016-08-13
152.1,City Hotel,yes,57,2017,May,19,10,0,1,2,0,0,0,0,0,A,A,0,No Deposit,0,1,Canceled,2017-04-06
170.33,City Hotel,no,19,2016,June,23,2,0,3,3,0,0,0,0,0,D,E,0,No Deposit,0,1,Check-Out,2016-06-05
65,Resort Hotel,no,9,2017,March,10,10,0,1,2,0,0,0,0,0,A,D,0,No Deposit,0,2,Check-Out,2017-03-11
76.92,City Hotel,no,50,2016,June,26,22,0,1,2,0,0,0,0,0,A,A,0,No Deposit,0,1,Check-Out,2016-06-23
107,Resort Hotel,no,1,2017,April,17,29,0,1,2,0,0,0,0,0,E,E,0,No Deposit,1,0,Check-Out,2017-04-30
135,Resort Hotel,no,124,2016,June,24,6,1,1,3,0,0,0,0,0,C,C,1,No Deposit,0,2,Check-Out,2016-06-08
98.75,Resort Hotel,no,57,2016,June,25,17,2,2,2,0,0,0,0,0,A,A,1,No Deposit,0,1,Check-Out,2016-06-21
125,Resort Hotel,no,194,2017,August,33,19,2,2,2,0,0,0,0,0,A,A,0,No Deposit,0,0,Check-Out,2017-08-23
86,Resort Hotel,yes,54,2016,May,20,13,0,1,2,0,0,0,0,0,D,D,0,No Deposit,0,0,Canceled,2016-03-29
66,Resort Hotel,no,12,2016,October,42,10,1,1,2,0,0,0,0,0,A,A,0,No Deposit,0,2,Check-Out,2016-10-12
134,City Hotel,yes,39,2016,October,41,2,2,0,1,0,0,0,0,0,A,A,1,No Deposit,0,1,Canceled,2016-09-19
116.45,City Hotel,yes,2,2016,July,28,4,1,0,2,0,0,0,0,0,A,A,1,No Deposit,0,0,Canceled,2016-07-03
127.6,City Hotel,yes,56,2017,July,30,24,1,4,2,0,0,0,0,0,A,A,0,No Deposit,0,0,Canceled,2017-05-29
93,Resort Hotel,no,51,2016,November,46,11,0,2,3,0,0,0,0,0,H,H,1,No Deposit,1,1,Check-Out,2016-11-13
151.5,City Hotel,yes,35,2016,October,42,11,0,3,2,0,0,0,0,0,D,D,0,No Deposit,0,1,Canceled,2016-09-09
95,City Hotel,no,3,2016,September,38,12,1,2,2,0,0,0,0,0,A,A,0,No Deposit,0,0,Check-Out,2016-09-15
60,Resort Hotel,no,16,2016,December,53,29,0,1,1,0,0,0,0,0,A,A,0,No Deposit,0,1,Check-Out,2016-12-30
77.49,City Hotel,no,0,2017,May,22,29,1,0,3,0,0,1,0,0,A,D,1,No Deposit,0,0,Check-Out,2017-05-30
195.67,Resort Hotel,no,95,2016,August,36,30,0,3,2,0,0,0,0,0,F,F,1,No Deposit,0,0,Check-Out,2016-09-02
90.1,City Hotel,no,12,2017,January,1,3,0,3,1,0,0,0,0,0,A,A,1,No Deposit,0,1,Check-Out,2017-01-06
73.06,Resort Hotel,no,22,2017,February,7,12,1,0,2,2,0,0,0,0,C,C,0,No Deposit,0,1,Check-Out,2017-02-13
149.4,City Hotel,yes,272,2017,June,26,28,0,3,3,0,0,0,0,0,D,D,0,No Deposit,0,1,No-Show,2017-06-28
105.33,City Hotel,no,177,2017,April,15,15,2,1,2,0,0,0,0,0,A,A,1,No Deposit,0,1,Check-Out,2017-04-18
82.66,City Hotel,no,0,2016,October,42,10,1,0,1,0,0,0,0,0,A,A,1,No Deposit,0,0,Check-Out,2016-10-11
108,City Hotel,no,119,2017,June,26,30,0,1,2,0,0,0,0,0,A,A,0,No Deposit,0,0,Check-Out,2017-07-01
22.4,Resort Hotel,no,542,2016,September,40,26,3,7,2,0,0,0,0,0,A,I,1,No Deposit,0,0,Check-Out,2016-10-06
157,Resort Hotel,no,237,2016,September,37,4,1,0,3,0,0,0,0,0,E,G,1,No Deposit,1,2,Check-Out,2016-09-05
71.1,City Hotel,yes,35,2016,March,11,10,0,1,1,0,0,0,0,0,A,A,0,No Deposit,0,0,Canceled,2016-02-04
159,City Hotel,yes,5,2016,September,38,17,0,1,2,0,0,0,0,0,A,A,0,No Deposit,0,1,Canceled,2016-09-13
67,City Hotel,no,74,2017,January,1,7,2,3,1,0,0,0,0,0,D,D,1,No Deposit,0,2,Check-Out,2017-01-12
111.6,City Hotel,yes,36,2016,April,18,29,0,1,1,0,0,0,0,0,A,A,0,No Deposit,0,0,Canceled,2016-04-19
138.55,City Hotel,yes,113,2016,July,27,1,2,6,3,0,0,0,0,0,D,D,0,No Deposit,0,0,Canceled,2016-05-24
94.5,City Hotel,no,55,2016,April,16,12,0,1,2,0,0,0,0,0,A,A,1,No Deposit,0,0,Check-Out,2016-04-13
94.5,City Hotel,yes,64,2016,April,16,11,1,1,2,0,0,0,0,0,A,A,0,No Deposit,0,1,Canceled,2016-03-14
60.98,City Hotel,no,145,2016,March,12,19,2,1,2,0,0,0,0,0,A,A,0,No Deposit,0,0,Check-Out,2016-03-22
85.5,City Hotel,no,146,2016,June,27,30,0,1,2,0,0,0,0,0,A,A,0,No Deposit,0,1,Check-Out,2016-07-01
150,City Hotel,no,0,2016,October,40,1,2,1,1,0,0,0,0,0,A,B,0,No Deposit,0,1,Check-Out,2016-10-04
64.25,City Hotel,no,226,2016,July,30,22,0,2,1,0,0,0,0,0,A,D,0,No Deposit,0,0,Check-Out,2016-07-24
74.8,City Hotel,yes,195,2017,January,1,4,0,4,2,0,0,0,0,0,A,A,0,No Deposit,0,0,Canceled,2016-11-21
48,Resort Hotel,no,65,2017,February,7,16,2,3,2,0,0,0,0,0,A,A,0,No Deposit,0,1,Check-Out,2017-02-21
154,Resort Hotel,no,1,2016,September,36,3,0,1,2,0,0,0,0,0,D,D,0,No Deposit,0,1,Check-Out,2016-09-04
146,Resort Hotel,no,12,2016,October,40,1,0,1,2,0,0,0,0,0,E,G,0,No Deposit,1,0,Check-Out,2016-10-02
90.09,City Hotel,no,36,2016,September,40,25,2,0,2,0,0,0,0,0,A,A,0,No Deposit,0,1,Check-Out,2016-09-27
199.82,City Hotel,no,22,2016,August,36,30,0,2,2,1,0,0,0,0,G,G,0,No Deposit,0,1,Check-Out,2016-09-01
210,City Hotel,no,38,2017,July,31,30,2,0,3,0,0,0,0,0,D,D,0,No Deposit,0,0,Check-Out,2017-08-01
85,City Hotel,no,0,2016,September,37,4,2,4,1,0,0,0,0,0,A,A,0,No Deposit,0,1,Check-Out,2016-09-10
142.21,Resort Hotel,no,6,2017,July,29,21,0,2,2,0,0,0,0,0,A,A,0,No Deposit,0,1,Check-Out,2017-07-23
67,City Hotel,no,74,2017,January,1,7,2,3,1,0,0,0,0,0,D,D,1,No Deposit,0,2,Check-Out,2017-01-12
132.9,Resort Hotel,no,151,2016,August,33,8,1,2,2,0,0,0,0,0,A,A,0,No Deposit,0,2,Check-Out,2016-08-11
220,Resort Hotel,yes,153,2017,August,32,8,0,1,2,0,0,0,0,0,D,D,0,No Deposit,0,1,Canceled,2017-07-11
149.4,City Hotel,no,52,2016,September,37,7,0,2,3,0,0,0,0,0,D,D,1,No Deposit,0,2,Check-Out,2016-09-09
192.7,City Hotel,yes,185,2017,June,26,29,0,3,2,2,0,0,0,0,F,F,2,No Deposit,0,0,Canceled,2017-01-03
90,City Hotel,no,31,2016,April,15,9,0,1,1,0,0,0,0,0,D,D,0,No Deposit,0,1,Check-Out,2016-04-10
230,City Hotel,no,68,2017,July,30,28,0,1,3,0,0,0,0,0,E,E,0,No Deposit,0,1,Check-Out,2017-07-29
159,City Hotel,no,13,2016,October,42,10,1,2,2,0,0,0,0,0,A,A,0,No Deposit,0,0,Check-Out,2016-10-13
117.9,City Hotel,no,39,2016,March,14,28,1,0,2,0,0,0,0,0,A,A,0,No Deposit,0,1,Check-Out,2016-03-29
67,City Hotel,no,75,2017,January,2,8,2,1,1,0,0,0,0,0,D,D,0,No Deposit,0,2,Check-Out,2017-01-11
93.33,City Hotel,no,5,2016,March,12,19,2,1,2,0,0,0,0,0,A,A,0,No Deposit,0,0,Check-Out,2016-03-22
101.52,City Hotel,no,57,2016,September,39,21,0,2,2,0,0,0,0,0,A,A,0,No Deposit,0,0,Check-Out,2016-09-23
76.5,City Hotel,no,226,2016,July,30,22,0,2,2,0,0,0,0,0,A,A,0,No Deposit,0,1,Check-Out,2016-07-24
161,Resort Hotel,no,1,2016,June,23,2,0,2,1,0,0,0,0,0,F,F,0,No Deposit,1,0,Check-Out,2016-06-04
150,City Hotel,no,44,2017,June,24,15,0,1,2,0,0,0,0,0,D,D,0,No Deposit,0,1,Check-Out,2017-06-16
204.16,Resort Hotel,no,39,2017,July,28,15,2,2,1,1,0,0,0,0,A,A,0,No Deposit,0,1,Check-Out,2017-07-19
108,City Hotel,no,183,2017,May,22,28,2,0,2,0,0,0,0,0,A,A,2,No Deposit,0,1,Check-Out,2017-05-30
265,City Hotel,yes,64,2017,June,26,26,1,0,3,0,0,0,0,0,F,F,0,No Deposit,0,0,Canceled,2017-04-27
120,City Hotel,no,1,2017,April,14,7,1,2,2,0,0,0,0,0,A,A,0,No Deposit,0,1,Check-Out,2017-04-10
153,City Hotel,yes,78,2017,May,19,11,0,2,2,0,0,0,0,0,D,D,0,No Deposit,0,0,Canceled,2017-02-23
81.9,City Hotel,yes,107,2016,April,15,5,0,2,1,0,0,0,0,0,A,A,0,No Deposit,0,0,Canceled,2016-01-01
111,Resort Hotel,no,104,2017,June,25,21,2,5,1,0,0,0,0,0,A,A,0,No Deposit,0,1,Check-Out,2017-06-28
156,City Hotel,yes,23,2016,May,21,21,1,1,1,0,0,0,0,0,D,D,1,No Deposit,0,0,Canceled,2016-05-05
218.6,Resort Hotel,no,49,2016,August,36,29,2,5,2,0,0,1,0,1,D,D,1,No Deposit,1,0,Check-Out,2016-09-05
160,City Hotel,no,2,2017,June,26,28,0,1,2,0,0,0,0,0,A,A,0,No Deposit,0,1,Check-Out,2017-06-29
120,City Hotel,no,11,2017,May,21,21,2,1,2,0,0,0,0,0,A,A,0,No Deposit,0,0,Check-Out,2017-05-24
94.1,City Hotel,no,0,2016,September,36,2,0,1,2,0,0,0,0,0,A,B,0,No Deposit,0,0,Check-Out,2016-09-03
85,City Hotel,no,88,2016,September,36,3,2,5,1,0,0,0,0,0,A,A,2,No Deposit,0,1,Check-Out,2016-09-10
42,Resort Hotel,yes,133,2017,March,11,13,1,0,2,0,0,0,0,0,A,A,2,No Deposit,0,2,Canceled,2016-11-03
119,City Hotel,no,16,2016,April,17,22,0,1,2,0,0,0,0,0,A,A,0,No Deposit,0,1,Check-Out,2016-04-23
138,City Hotel,no,0,2016,August,34,17,0,1,1,0,0,0,0,0,A,K,1,No Deposit,0,0,Check-Out,2016-08-18
79,City Hotel,yes,11,2016,February,6,1,2,5,2,0,0,0,0,0,A,A,0,No Deposit,0,0,Canceled,2016-01-28
154,City Hotel,no,1,2016,October,41,2,2,1,1,0,0,0,0,0,A,A,0,No Deposit,0,1,Check-Out,2016-10-05
97.02,City Hotel,no,74,2017,April,14,3,1,3,2,0,0,0,0,0,D,D,0,No Deposit,0,0,Check-Out,2017-04-07
161,Resort Hotel,no,2,2016,July,29,14,0,1,2,0,0,0,0,0,A,A,0,No Deposit,0,0,Check-Out,2016-07-15
118.8,City Hotel,no,167,2017,May,20,18,0,1,2,0,0,0,0,0,A,A,1,No Deposit,0,2,Check-Out,2017-05-19
30,Resort Hotel,no,35,2016,December,52,19,1,1,1,0,0,0,0,0,A,A,0,No Deposit,0,0,Check-Out,2016-12-21
154,City Hotel,no,149,2017,June,25,24,0,1,2,0,0,0,0,0,A,A,1,No Deposit,0,0,Check-Out,2017-06-25
101,Resort Hotel,no,19,2016,April,15,7,1,3,2,0,0,0,0,0,F,F,0,No Deposit,1,0,Check-Out,2016-04-11
223,City Hotel,no,15,2017,February,7,13,1,3,2,0,0,0,0,0,G,G,3,No Deposit,0,1,Check-Out,2017-02-17
120,City Hotel,no,21,2017,July,28,12,0,1,1,0,0,0,0,0,A,A,0,No Deposit,0,1,Check-Out,2017-07-13
114.3,City Hotel,yes,143,2016,August,33,13,1,1,2,0,0,0,0,0,A,A,0,No Deposit,0,0,Canceled,2016-03-24
99,City Hotel,yes,327,2017,May,18,2,0,2,1,0,0,0,0,0,A,A,0,No Deposit,0,0,Canceled,2016-06-09
96,Resort Hotel,no,0,2017,July,28,13,0,1,2,0,0,0,0,0,D,F,0,No Deposit,0,1,Check-Out,2017-07-14
118.8,City Hotel,no,35,2016,April,18,24,2,0,2,0,0,0,0,0,D,D,0,No Deposit,0,1,Check-Out,2016-04-26
92.82,Resort Hotel,no,1,2017,June,25,21,0,2,2,0,0,0,0,0,A,C,0,No Deposit,0,0,Check-Out,2017-06-23
88,City Hotel,no,1,2017,March,9,2,0,1,1,0,0,0,0,0,A,A,0,No Deposit,0,1,Check-Out,2017-03-03
42.65,Resort Hotel,no,2,2016,October,43,17,1,1,2,0,0,0,0,0,A,A,0,No Deposit,0,0,Check-Out,2016-10-19
95,City Hotel,no,62,2017,August,35,27,1,0,1,0,0,0,0,0,A,A,0,No Deposit,0,0,Check-Out,2017-08-28
205,City Hotel,no,4,2016,August,32,2,0,1,3,0,0,0,0,0,E,E,0,No Deposit,1,0,Check-Out,2016-08-03
108,City Hotel,no,83,2017,April,16,18,0,1,2,0,0,0,0,0,A,A,2,No Deposit,0,1,Check-Out,2017-04-19
199.43,City Hotel,no,18,2016,December,52,23,0,2,4,0,0,0,0,0,G,G,0,No Deposit,0,2,Check-Out,2016-12-25
208,Resort Hotel,no,130,2016,July,31,25,1,2,4,0,0,0,0,0,A,C,4,No Deposit,0,0,Check-Out,2016-07-28
149.4,City Hotel,no,0,2017,June,26,30,0,1,3,0,0,0,0,0,D,D,0,No Deposit,0,1,Check-Out,2017-07-01
120,City Hotel,no,111,2016,October,42,10,1,2,1,0,0,0,0,0,A,A,2,No Deposit,0,1,Check-Out,2016-10-13
125,City Hotel,yes,121,2017,August,34,20,2,4,2,0,0,0,0,0,A,A,0,No Deposit,0,1,Canceled,2017-04-21
37.1,Resort Hotel,no,33,2016,April,18,25,1,4,1,0,0,0,0,0,A,A,0,No Deposit,0,0,Check-Out,2016-04-30
153.37,Resort Hotel,no,18,2016,August,35,26,0,2,2,0,0,0,0,0,D,D,1,No Deposit,1,1,Check-Out,2016-08-28
153.15,City Hotel,no,0,2016,May,20,10,0,1,3,0,0,0,0,0,F,F,0,No Deposit,0,0,Check-Out,2016-05-11
230,Resort Hotel,no,97,2016,July,30,21,0,1,2,0,0,0,0,0,E,E,6,No Deposit,0,2,Check-Out,2016-07-22
137.13,City Hotel,no,7,2017,March,10,6,1,5,2,0,0,0,0,0,D,D,1,No Deposit,0,0,Check-Out,2017-03-12
153.79,City Hotel,no,209,2017,May,22,30,0,4,2,1,0,0,0,0,A,A,0,No Deposit,0,2,Check-Out,2017-06-03
75,Resort Hotel,no,36,2016,December,53,27,0,1,2,0,0,0,0,0,F,F,0,No Deposit,0,0,Check-Out,2016-12-28
119,City Hotel,yes,94,2016,December,52,23,2,2,3,0,0,0,0,0,D,D,0,No Deposit,0,1,Canceled,2016-09-26
89.1,City Hotel,yes,173,2017,July,29,18,0,3,2,0,0,0,0,0,A,A,0,No Deposit,0,0,Canceled,2017-02-13
116.1,City Hotel,no,50,2017,July,27,8,2,3,2,0,0,0,0,0,D,D,0,No Deposit,0,0,Check-Out,2017-07-13
65,City Hotel,no,9,2017,January,3,21,2,2,1,0,0,0,0,0,A,A,1,No Deposit,0,0,Check-Out,2017-01-25
127.8,City Hotel,no,81,2017,April,14,5,0,4,2,0,0,0,0,0,D,D,0,No Deposit,0,1,Check-Out,2017-04-09
72.76,City Hotel,no,193,2016,October,43,19,0,4,1,0,0,0,0,0,A,A,3,No Deposit,0,1,Check-Out,2016-10-23
115,City Hotel,no,95,2017,August,33,19,2,5,1,0,0,0,0,0,A,A,4,No Deposit,0,0,Check-Out,2017-08-26
73.33,City Hotel,no,220,2016,June,23,4,2,1,2,0,0,0,0,0,A,A,0,No Deposit,0,1,Check-Out,2016-06-07
173,City Hotel,no,1,2016,February,8,19,0,1,2,1,0,0,0,0,F,F,1,No Deposit,0,0,Check-Out,2016-02-20
90,City Hotel,no,11,2016,April,16,10,1,0,1,0,0,0,0,0,D,E,0,No Deposit,0,1,Check-Out,2016-04-11
160,City Hotel,yes,56,2017,July,28,10,1,1,2,1,0,0,0,0,A,A,0,No Deposit,0,1,Canceled,2017-07-07
93.33,City Hotel,no,5,2016,March,12,19,2,1,2,0,0,0,0,0,A,A,0,No Deposit,0,0,Check-Out,2016-03-22
185.57,City Hotel,no,3,2016,April,15,7,0,2,3,0,0,0,0,0,G,G,0,No Deposit,0,0,Check-Out,2016-04-09
112.33,City Hotel,no,18,2016,May,23,29,2,1,1,0,0,0,0,0,A,A,0,No Deposit,0,1,Check-Out,2016-06-01
56,Resort Hotel,no,68,2016,May,21,20,1,2,2,0,0,0,0,0,A,A,1,No Deposit,0,0,Check-Out,2016-05-23
239,City Hotel,yes,59,2017,April,16,18,0,2,2,2,0,0,0,0,F,F,0,No Deposit,0,0,Canceled,2017-03-19
96.25,Resort Hotel,no,159,2017,July,27,2,2,1,2,0,0,0,0,0,D,D,0,No Deposit,0,1,Check-Out,2017-07-05
93.6,City Hotel,no,154,2017,March,9,1,0,1,2,0,0,0,0,0,A,A,0,No Deposit,0,2,Check-Out,2017-03-02
89.1,City Hotel,no,57,2017,May,21,23,0,1,2,0,0,0,0,0,A,A,0,No Deposit,0,0,Check-Out,2017-05-24
37.8,Resort Hotel,yes,75,2016,December,50,6,0,5,2,0,0,0,0,0,A,A,0,No Deposit,0,0,No-Show,2016-12-06
228.89,Resort Hotel,no,125,2017,August,35,28,1,1,2,2,0,0,0,0,C,C,0,No Deposit,0,1,Check-Out,2017-08-30
61,City Hotel,no,23,2016,January,3,11,1,0,1,0,0,0,0,0,A,A,0,No Deposit,0,0,Check-Out,2016-01-12
89.67,City Hotel,no,1,2017,July,27,6,0,3,2,0,0,0,0,0,D,D,0,No Deposit,0,0,Check-Out,2017-07-09
131,City Hotel,no,87,2016,December,53,25,2,0,2,1,0,0,0,0,A,D,0,No Deposit,1,0,Check-Out,2016-12-27
125.1,City Hotel,yes,155,2017,July,29,17,1,1,2,1,0,0,0,0,A,A,0,No Deposit,0,1,Canceled,2017-03-08
100.3,City Hotel,yes,29,2017,March,9,3,2,2,2,0,0,0,0,0,D,D,0,No Deposit,0,0,Canceled,2017-02-16
74.8,City Hotel,no,15,2017,March,9,2,1,3,1,0,0,0,0,0,A,A,0,No Deposit,0,1,Check-Out,2017-03-06
123.3,City Hotel,no,86,2016,October,44,25,0,4,3,0,0,0,0,0,D,D,2,No Deposit,0,1,Check-Out,2016-10-29
99,City Hotel,yes,208,2017,April,13,1,2,1,2,0,0,0,0,0,A,A,0,No Deposit,0,2,Canceled,2016-10-03
121.63,City Hotel,no,5,2016,September,38,12,1,0,2,0,0,0,0,0,A,D,1,No Deposit,0,2,Check-Out,2016-09-13
98.32,City Hotel,no,4,2016,May,21,15,2,2,1,0,0,0,0,0,A,A,0,No Deposit,0,0,Check-Out,2016-05-19
61.67,City Hotel,no,220,2016,June,23,4,2,1,1,0,0,0,0,0,A,A,0,No Deposit,0,0,Check-Out,2016-06-07
121.5,City Hotel,no,97,2016,July,29,12,0,2,2,1,0,0,0,0,A,D,1,No Deposit,0,1,Check-Out,2016-07-14
107.1,City Hotel,no,54,2016,July,27,2,0,1,2,0,0,0,0,0,A,A,0,No Deposit,0,1,Check-Out,2016-07-03
170,City Hotel,yes,81,2017,August,34,26,1,1,1,0,0,0,0,0,D,D,0,No Deposit,0,1,Canceled,2017-06-09
106,City Hotel,no,141,2017,August,32,12,2,1,2,0,0,0,0,0,A,A,0,No Deposit,0,0,Check-Out,2017-08-15
80.3,City Hotel,no,5,2016,January,3,15,1,2,2,0,0,0,0,0,A,A,0,No Deposit,0,2,Check-Out,2016-01-18
160,City Hotel,no,39,2017,July,27,5,0,1,2,0,0,0,0,0,A,A,0,No Deposit,0,1,Check-Out,2017-07-06
94.86,City Hotel,no,9,2016,September,37,4,2,2,1,0,0,0,0,0,D,D,0,No Deposit,0,1,Check-Out,2016-09-08
65,City Hotel,no,9,2017,January,3,21,2,2,1,0,0,0,0,0,A,A,1,No Deposit,0,0,Check-Out,2017-01-25
90,City Hotel,no,127,2016,April,18,28,1,3,2,0,0,0,0,0,A,A,0,No Deposit,0,0,Check-Out,2016-05-02
150.3,City Hotel,yes,69,2016,March,11,12,1,1,2,2,0,0,0,0,F,F,1,No Deposit,0,1,Canceled,2016-01-08
0,City Hotel,no,5,2016,March,12,19,2,1,1,0,0,0,0,0,A,A,1,No Deposit,0,0,Check-Out,2016-03-22
180,City Hotel,yes,15,2017,May,19,9,0,3,2,0,0,0,0,0,D,D,0,No Deposit,0,2,Canceled,2017-05-02
290,Resort Hotel,yes,51,2017,August,35,27,2,0,2,2,0,0,0,0,G,G,0,No Deposit,0,1,Canceled,2017-07-11
105,Resort Hotel,no,0,2016,October,41,5,0,1,2,0,0,0,0,0,D,D,0,No Deposit,1,0,Check-Out,2016-10-06
76.92,City Hotel,no,50,2016,June,26,22,0,1,2,0,0,0,0,0,A,A,0,No Deposit,0,1,Check-Out,2016-06-23
132.72,City Hotel,yes,29,2016,May,21,20,2,3,2,0,0,0,0,0,D,D,0,No Deposit,0,1,Canceled,2016-04-21
108,City Hotel,no,39,2016,September,38,12,1,5,1,0,0,0,0,0,A,A,2,No Deposit,0,0,Check-Out,2016-09-18
150,City Hotel,no,50,2017,June,25,19,1,1,2,0,0,0,0,0,A,A,2,No Deposit,0,1,Check-Out,2017-06-21
140,Resort Hotel,yes,133,2017,July,27,3,1,1,2,0,0,0,0,0,A,A,0,No Deposit,0,1,Canceled,2017-05-08
169,City Hotel,yes,34,2017,May,19,10,0,1,2,0,0,0,0,0,A,A,0,No Deposit,0,1,Canceled,2017-04-09
0,Resort Hotel,no,0,2016,October,42,15,0,0,2,0,0,1,0,0,D,D,0,No Deposit,0,0,Check-Out,2016-10-15
107.1,City Hotel,yes,305,2017,August,35,28,1,2,2,0,0,0,0,0,A,A,0,No Deposit,0,2,Canceled,2017-07-12
88.4,City Hotel,no,25,2016,December,50,7,0,4,2,0,0,0,0,0,A,A,0,No Deposit,0,1,Check-Out,2016-12-11
89.25,City Hotel,no,1,2016,June,25,17,0,1,1,0,0,0,0,0,A,A,0,No Deposit,0,0,Check-Out,2016-06-18
194.29,City Hotel,no,41,2017,June,24,17,2,5,2,1,0,0,0,0,A,A,1,No Deposit,0,2,Check-Out,2017-06-24
139.5,City Hotel,no,152,2017,August,33,18,2,2,2,0,0,0,0,0,D,D,0,No Deposit,0,0,Check-Out,2017-08-22
216,City Hotel,no,125,2017,June,22,2,1,2,3,0,0,0,0,0,E,E,0,No Deposit,0,0,Check-Out,2017-06-05
127.93,City Hotel,yes,28,2017,March,12,21,0,4,3,0,0,0,0,0,E,E,0,No Deposit,0,1,Canceled,2017-03-15
76.5,City Hotel,no,226,2016,July,30,22,0,2,2,0,0,0,0,0,A,D,0,No Deposit,0,1,Check-Out,2016-07-24
48,Resort Hotel,no,0,2016,January,2,4,2,5,2,0,0,0,0,0,A,D,5,No Deposit,0,0,Check-Out,2016-01-11
118,City Hotel,yes,4,2016,March,10,5,2,1,2,0,0,0,0,0,D,D,0,No Deposit,0,0,Canceled,2016-03-04
125,City Hotel,no,4,2016,May,19,1,1,0,1,0,0,0,0,0,A,A,0,No Deposit,0,1,Check-Out,2016-05-02
167.7,City Hotel,yes,207,2017,August,33,17,0,3,3,0,0,0,0,0,D,D,1,No Deposit,0,0,Canceled,2017-01-22
88,City Hotel,no,0,2017,March,9,3,0,1,1,0,0,0,0,0,A,A,0,No Deposit,0,0,Check-Out,2017-03-04
149.4,City Hotel,yes,32,2016,March,13,25,0,2,2,0,0,0,0,0,D,D,0,No Deposit,0,0,Canceled,2016-02-26
216.64,City Hotel,no,178,2017,June,26,29,0,3,2,2,0,0,0,0,G,G,0,No Deposit,0,2,Check-Out,2017-07-02
80.75,City Hotel,no,196,2016,May,20,12,1,3,2,0,0,0,0,0,A,A,0,No Deposit,0,1,Check-Out,2016-05-16
220,City Hotel,no,16,2017,May,22,29,1,0,3,0,0,0,0,0,E,E,0,No Deposit,0,1,Check-Out,2017-05-30
71.1,City Hotel,no,134,2017,August,33,16,0,2,1,0,0,0,0,0,A,A,0,No Deposit,0,0,Check-Out,2017-08-18
139,City Hotel,no,11,2016,August,33,13,2,2,2,0,0,0,0,0,A,A,0,No Deposit,0,0,Check-Out,2016-08-17
114.6,Resort Hotel,no,84,2017,April,16,18,1,5,1,0,0,0,0,0,E,E,1,No Deposit,0,0,Check-Out,2017-04-24
89.1,City Hotel,yes,153,2017,July,28,9,1,0,2,0,0,0,0,0,A,A,0,No Deposit,0,0,Canceled,2017-05-17
140,City Hotel,yes,151,2017,May,20,19,0,1,2,0,0,0,0,0,A,A,0,No Deposit,0,1,Canceled,2017-02-07
116.1,City Hotel,no,111,2016,June,24,5,2,0,2,0,0,0,0,0,A,A,0,No Deposit,0,1,Check-Out,2016-06-07
105.11,City Hotel,no,13,2016,May,22,23,1,2,2,1,0,0,0,0,A,D,0,No Deposit,0,2,Check-Out,2016-05-26
78.3,City Hotel,no,56,2016,March,11,9,0,2,2,0,0,0,0,0,A,A,0,No Deposit,0,0,Check-Out,2016-03-11
87.01,City Hotel,no,28,2016,October,43,19,0,1,1,0,0,0,0,0,A,A,0,No Deposit,0,1,Check-Out,2016-10-20
80.3,City Hotel,no,9,2016,January,3,15,0,2,2,0,0,0,0,0,A,A,0,No Deposit,0,1,Check-Out,2016-01-17
140,City Hotel,yes,16,2017,June,22,2,0,1,2,0,0,0,0,0,A,A,0,No Deposit,0,1,Canceled,2017-05-20
42,Resort Hotel,no,16,2016,December,51,16,0,1,1,0,0,0,0,0,D,D,0,No Deposit,0,0,Check-Out,2016-12-17
95,City Hotel,no,24,2016,May,20,8,2,3,1,0,0,0,0,0,A,A,0,No Deposit,0,1,Check-Out,2016-05-13
215.25,Resort Hotel,no,54,2016,December,53,30,2,6,2,2,0,0,0,0,G,G,0,No Deposit,1,0,Check-Out,2017-01-07
125.1,City Hotel,no,31,2016,September,38,16,0,1,2,0,0,0,0,0,A,A,0,No Deposit,0,1,Check-Out,2016-09-17
118.2,City Hotel,yes,125,2017,June,26,29,0,3,2,0,0,0,0,0,D,D,0,No Deposit,0,0,Canceled,2017-05-24
101.53,City Hotel,no,137,2016,June,25,13,1,1,2,0,0,0,0,0,A,A,0,No Deposit,0,2,Check-Out,2016-06-15
108,City Hotel,no,73,2017,April,17,23,2,1,2,0,0,0,0,0,A,A,1,No Deposit,0,0,Check-Out,2017-04-26
125,City Hotel,no,97,2017,August,34,21,1,5,2,0,0,0,0,0,A,A,6,No Deposit,0,0,Check-Out,2017-08-27
154,City Hotel,no,149,2017,June,25,24,0,1,2,0,0,0,0,0,A,A,0,No Deposit,0,1,Check-Out,2017-06-25
145.41,City Hotel,yes,116,2016,August,32,5,2,5,3,0,0,0,0,0,D,D,0,No Deposit,0,0,Canceled,2016-04-18
89.1,Resort Hotel,no,59,2016,October,41,5,0,1,2,0,0,0,0,0,E,E,0,No Deposit,1,0,Check-Out,2016-10-06
231,Resort Hotel,no,6,2017,July,30,25,0,2,2,0,0,0,0,0,E,E,0,No Deposit,0,1,Check-Out,2017-07-27
79,City Hotel,no,2,2016,June,25,13,1,0,2,0,0,0,0,0,A,A,0,No Deposit,0,1,Check-Out,2016-06-14
83.66,City Hotel,no,89,2016,March,13,21,2,5,2,0,0,0,0,0,A,A,0,No Deposit,0,1,Check-Out,2016-03-28
184,City Hotel,no,18,2017,April,18,30,2,1,2,0,0,0,0,0,A,A,0,No Deposit,0,1,Check-Out,2017-05-03
143.55,City Hotel,yes,196,2017,May,19,10,0,2,2,0,0,0,0,0,D,D,0,No Deposit,0,2,Canceled,2016-10-28
140,City Hotel,yes,31,2017,June,22,1,0,2,2,0,0,0,0,0,A,A,0,No Deposit,0,1,Canceled,2017-05-24
95.85,City Hotel,no,86,2016,March,13,26,2,3,2,0,0,0,0,0,A,A,1,No Deposit,0,1,Check-Out,2016-03-31
73.33,City Hotel,no,220,2016,June,23,4,2,1,2,0,0,0,0,0,A,A,0,No Deposit,0,1,Check-Out,2016-06-07
125.8,City Hotel,no,59,2017,May,19,8,1,1,2,0,0,0,0,0,A,D,0,No Deposit,0,1,Check-Out,2017-05-10
182,City Hotel,no,11,2016,March,13,24,0,2,3,0,0,0,0,0,D,D,0,No Deposit,0,2,Check-Out,2016-03-26
158.7,City Hotel,yes,195,2017,August,33,19,2,1,3,0,0,0,0,0,D,D,1,No Deposit,0,0,Canceled,2017-02-27
73.33,City Hotel,no,220,2016,June,23,4,2,1,2,0,0,0,0,0,A,A,0,No Deposit,0,1,Check-Out,2016-06-07
188.1,City Hotel,no,193,2017,July,29,20,0,2,3,0,0,0,0,0,E,E,0,No Deposit,0,2,Check-Out,2017-07-22
37,Resort Hotel,no,13,2016,November,46,7,1,4,2,0,0,0,0,0,D,E,1,No Deposit,0,0,Check-Out,2016-11-12
145,Resort Hotel,no,59,2016,May,23,29,2,0,3,0,0,0,0,0,G,G,3,No Deposit,0,0,Check-Out,2016-05-31
239,Resort Hotel,no,50,2016,August,36,31,1,4,2,0,0,0,0,0,G,G,0,No Deposit,0,0,Check-Out,2016-09-05
191.35,City Hotel,no,11,2016,August,33,8,1,0,2,2,0,0,0,0,F,F,0,No Deposit,0,1,Check-Out,2016-08-09
135,City Hotel,yes,51,2017,June,25,21,0,4,2,0,0,0,0,0,A,A,0,No Deposit,0,1,Canceled,2017-06-02
192.5,Resort Hotel,yes,4,2017,July,30,28,0,2,2,0,0,0,0,0,A,A,0,No Deposit,0,2,Canceled,2017-07-28
130.5,City Hotel,no,130,2017,June,25,24,2,1,2,0,0,0,0,0,D,D,0,No Deposit,0,4,Check-Out,2017-06-27
128,Resort Hotel,no,28,2017,July,26,1,0,1,2,0,0,0,0,0,A,A,0,No Deposit,0,1,Check-Out,2017-07-02
31.2,Resort Hotel,no,0,2016,January,2,8,0,1,2,0,0,0,0,0,A,A,0,No Deposit,0,0,Check-Out,2016-01-09
187,City Hotel,yes,24,2016,July,28,7,1,3,2,0,0,0,0,0,E,E,0,No Deposit,0,0,Canceled,2016-07-05
173.5,City Hotel,no,23,2016,May,22,22,1,0,2,1,0,0,0,0,D,F,0,No Deposit,0,1,Check-Out,2016-05-23
100.1,City Hotel,no,1,2016,October,42,12,0,2,2,0,0,0,0,0,A,A,0,No Deposit,0,1,Check-Out,2016-10-14
144,City Hotel,no,131,2017,June,23,8,0,3,2,0,0,0,0,0,A,A,0,No Deposit,0,1,Check-Out,2017-06-11
120,City Hotel,no,1,2016,December,53,25,2,0,4,0,0,0,0,0,F,F,1,No Deposit,0,2,Check-Out,2016-12-27
171,City Hotel,yes,83,2017,May,19,8,1,2,3,0,0,0,0,0,D,D,0,No Deposit,0,0,Canceled,2017-02-15
131.6,City Hotel,yes,19,2016,April,16,14,2,3,2,0,0,0,0,0,D,D,0,No Deposit,0,0,Canceled,2016-03-27
328.33,Resort Hotel,no,92,2017,August,34,23,2,4,3,2,0,0,0,0,H,H,0,No Deposit,0,2,Check-Out,2017-08-29
68,Resort Hotel,no,0,2017,February,6,10,0,1,2,0,0,0,0,0,E,E,0,No Deposit,0,0,Check-Out,2017-02-11
138.5,City Hotel,no,11,2016,August,32,2,0,1,2,1,0,0,0,0,A,D,0,No Deposit,0,1,Check-Out,2016-08-03
96.23,City Hotel,yes,62,2016,September,37,4,2,2,0,2,0,0,0,0,B,B,0,No Deposit,0,0,Canceled,2016-07-04
108,City Hotel,no,27,2017,March,9,3,1,2,2,0,0,0,0,0,A,A,0,No Deposit,0,0,Check-Out,2017-03-06
170,City Hotel,no,12,2017,May,20,20,1,1,2,0,0,0,0,0,D,D,0,No Deposit,0,1,Check-Out,2017-05-22
136.13,City Hotel,yes,111,2017,April,14,8,2,6,2,0,0,0,0,0,D,D,0,No Deposit,0,0,Canceled,2016-12-26
180,City Hotel,no,0,2017,May,22,31,0,1,2,0,0,0,0,0,A,A,0,No Deposit,0,0,Check-Out,2017-06-01
76.5,City Hotel,no,226,2016,July,30,22,0,2,2,0,0,0,0,0,A,A,0,No Deposit,0,1,Check-Out,2016-07-24
97.71,City Hotel,no,182,2016,September,36,3,0,1,2,0,0,0,0,0,A,A,0,No Deposit,0,1,Check-Out,2016-09-04
205.38,City Hotel,no,40,2016,August,33,13,1,1,2,0,0,0,0,0,G,G,1,No Deposit,0,1,Check-Out,2016-08-15
147,City Hotel,yes,28,2016,June,26,21,0,1,3,0,0,0,0,0,D,D,0,No Deposit,0,2,No-Show,2016-06-21
69.3,City Hotel,no,91,2017,April,14,5,0,4,1,0,0,0,0,0,A,A,2,No Deposit,0,1,Check-Out,2017-04-09
69.09,City Hotel,yes,223,2016,December,53,26,2,5,2,0,0,0,0,0,A,A,0,No Deposit,0,0,Canceled,2016-05-18
250,Resort Hotel,no,76,2017,August,31,1,0,2,2,0,0,0,0,0,D,D,0,No Deposit,0,3,Check-Out,2017-08-03
174,City Hotel,no,40,2017,April,17,26,0,2,2,0,0,0,0,0,E,E,0,No Deposit,0,3,Check-Out,2017-04-28
139.5,City Hotel,yes,170,2017,August,31,5,1,1,2,0,0,0,0,0,D,D,3,No Deposit,0,0,Canceled,2017-07-12
235,City Hotel,yes,185,2017,August,32,6,2,2,2,2,0,0,0,0,F,F,0,No Deposit,0,0,Canceled,2017-03-28
128.79,City Hotel,yes,134,2017,July,27,8,2,2,2,0,0,0,0,0,E,E,0,No Deposit,0,0,Canceled,2017-02-26
150,City Hotel,no,142,2017,August,34,24,0,1,2,0,0,0,0,0,D,D,1,No Deposit,0,2,Check-Out,2017-08-25
93.33,City Hotel,no,5,2016,March,12,19,2,1,2,0,0,0,0,0,A,A,0,No Deposit,0,0,Check-Out,2016-03-22
106.2,City Hotel,yes,25,2016,September,37,9,0,1,1,0,0,0,0,0,A,B,1,No Deposit,0,0,Canceled,2016-08-31
133.48,City Hotel,no,68,2017,June,26,30,2,3,2,1,0,0,0,0,D,D,0,No Deposit,0,1,Check-Out,2017-07-05
116.1,City Hotel,no,170,2017,July,28,15,0,1,2,0,0,0,0,0,D,D,0,No Deposit,0,0,Check-Out,2017-07-16
140,City Hotel,no,29,2017,July,30,24,1,1,2,0,0,0,0,0,A,A,0,No Deposit,0,1,Check-Out,2017-07-26
90,City Hotel,no,127,2016,April,18,28,1,3,2,0,0,0,0,0,A,A,0,No Deposit,0,0,Check-Out,2016-05-02
209,City Hotel,no,147,2017,July,29,16,2,1,2,2,0,0,0,0,F,F,0,No Deposit,0,0,Check-Out,2017-07-19
155.52,City Hotel,yes,214,2017,August,33,18,2,3,3,0,0,0,0,0,D,D,2,No Deposit,0,0,Canceled,2017-01-17
86.63,City Hotel,no,157,2017,July,27,8,1,1,2,0,0,0,0,0,A,A,0,No Deposit,0,0,Check-Out,2017-07-10
200,Resort Hotel,no,57,2017,July,27,5,0,3,2,0,0,0,0,0,G,G,0,No Deposit,0,1,Check-Out,2017-07-08
80.75,City Hotel,no,220,2016,October,43,20,1,3,2,0,0,0,0,0,A,A,0,No Deposit,0,1,Check-Out,2016-10-24
112.5,City Hotel,yes,197,2017,August,32,12,2,1,2,0,0,0,0,0,A,A,0,No Deposit,0,0,Canceled,2017-03-14
80.1,City Hotel,no,47,2017,May,18,2,0,1,2,0,0,0,0,0,A,A,0,No Deposit,0,0,Check-Out,2017-05-03
198.33,Resort Hotel,yes,135,2017,July,28,14,1,2,2,2,0,0,0,0,C,C,0,No Deposit,0,2,No-Show,2017-07-14
136,City Hotel,no,9,2017,May,20,18,0,1,2,0,0,0,0,0,D,D,0,No Deposit,0,1,Check-Out,2017-05-19
102.6,City Hotel,no,36,2016,October,42,13,0,1,1,0,0,0,0,1,A,A,0,No Deposit,0,2,Check-Out,2016-10-14
152.78,City Hotel,no,99,2016,October,42,12,0,4,1,0,0,0,0,0,E,E,3,No Deposit,0,0,Check-Out,2016-10-16
132.6,City Hotel,no,77,2016,May,20,10,0,4,2,0,0,0,0,0,D,D,0,No Deposit,0,2,Check-Out,2016-05-14
110,Resort Hotel,no,14,2017,April,14,6,0,3,2,0,0,0,0,0,E,E,0,No Deposit,0,0,Check-Out,2017-04-09
108.11,City Hotel,no,0,2016,July,31,28,0,1,1,0,0,0,0,0,A,A,0,No Deposit,0,0,Check-Out,2016-07-29
98,City Hotel,no,38,2017,March,11,16,0,1,1,1,0,0,0,0,A,A,0,No Deposit,0,0,Check-Out,2017-03-17
108,City Hotel,no,183,2017,May,22,28,2,0,2,0,0,0,0,0,A,A,2,No Deposit,0,1,Check-Out,2017-05-30
76.5,City Hotel,no,226,2016,July,30,22,0,2,2,0,0,0,0,0,A,A,0,No Deposit,0,1,Check-Out,2016-07-24
72.42,City Hotel,no,83,2017,April,16,17,1,2,1,0,0,0,0,0,A,A,0,No Deposit,0,0,Check-Out,2017-04-20
79.2,City Hotel,no,51,2017,March,12,19,2,0,2,0,0,0,0,0,A,A,0,No Deposit,0,0,Check-Out,2017-03-21
87.03,City Hotel,no,131,2016,August,32,3,0,3,2,0,0,0,0,0,A,A,1,No Deposit,0,3,Check-Out,2016-08-06
141.36,City Hotel,no,293,2017,June,25,18,2,3,3,0,0,0,0,0,D,D,2,No Deposit,0,2,Check-Out,2017-06-23
109.37,City Hotel,yes,82,2016,April,16,16,2,4,2,0,0,0,0,0,D,D,0,No Deposit,0,0,Canceled,2016-03-06
48,Resort Hotel,yes,40,2017,February,7,12,2,3,2,0,0,0,0,0,A,A,0,No Deposit,0,0,Canceled,2017-01-03
114.3,City Hotel,yes,143,2016,August,33,13,1,1,2,0,0,0,0,0,A,A,0,No Deposit,0,0,Canceled,2016-03-24
108,City Hotel,no,50,2016,October,43,17,1,0,2,0,0,0,0,0,A,A,0,No Deposit,0,1,Check-Out,2016-10-18
185,Resort Hotel,no,164,2017,July,28,9,2,4,2,0,0,0,0,0,E,E,0,No Deposit,0,1,Check-Out,2017-07-15
158.4,City Hotel,no,202,2017,April,15,9,2,1,3,0,0,0,0,0,D,D,0,No Deposit,1,2,Check-Out,2017-04-12
146.7,City Hotel,no,107,2016,June,27,28,0,5,3,0,0,0,0,0,D,D,3,No Deposit,0,2,Check-Out,2016-07-03
93.5,City Hotel,no,28,2017,April,16,21,0,1,1,0,0,0,0,0,A,D,1,No Deposit,0,0,Check-Out,2017-04-22
89.1,City Hotel,no,59,2016,June,26,20,1,1,2,0,0,0,0,0,A,A,0,No Deposit,0,1,Check-Out,2016-06-22
94.41,Resort Hotel,no,0,2017,June,22,1,0,3,2,0,0,0,0,0,D,D,0,No Deposit,1,1,Check-Out,2017-06-04
160,City Hotel,no,18,2017,July,27,2,1,0,2,0,0,0,0,0,A,A,0,No Deposit,0,2,Check-Out,2017-07-03
165.83,City Hotel,no,26,2016,August,36,28,2,3,3,0,0,0,0,0,E,E,0,No Deposit,0,0,Check-Out,2016-09-02
78.4,City Hotel,no,2,2017,March,10,11,0,1,2,0,0,0,0,0,A,A,0,No Deposit,0,0,Check-Out,2017-03-12
69.05,City Hotel,no,71,2016,March,12,17,0,2,2,0,0,0,0,0,B,B,1,No Deposit,0,0,Check-Out,2016-03-19
115.5,City Hotel,yes,49,2016,September,37,5,1,2,1,0,0,0,0,0,D,D,0,No Deposit,0,1,Canceled,2016-08-25
120,Resort Hotel,yes,116,2017,June,26,26,1,3,2,0,0,0,0,0,A,A,0,No Deposit,0,0,Canceled,2017-03-21
0,City Hotel,no,23,2017,February,5,2,0,0,2,0,0,0,0,0,A,A,0,No Deposit,0,1,Check-Out,2017-02-02
65.91,City Hotel,no,50,2017,February,7,16,1,3,2,0,0,0,0,0,A,A,0,No Deposit,0,1,Check-Out,2017-02-20
122.6,City Hotel,no,67,2017,July,30,24,1,1,2,0,0,0,0,0,A,A,1,No Deposit,0,0,Check-Out,2017-07-26
120,Resort Hotel,no,153,2017,July,28,9,2,1,2,0,0,0,0,0,A,A,0,No Deposit,0,1,Check-Out,2017-07-12
86.76,City Hotel,no,49,2017,March,10,10,1,2,2,0,0,0,0,0,A,A,2,No Deposit,1,1,Check-Out,2017-03-13
94.5,City Hotel,no,64,2016,April,15,8,0,1,2,0,0,0,0,0,A,A,0,No Deposit,0,1,Check-Out,2016-04-09
160,City Hotel,no,0,2017,August,32,7,1,0,2,0,0,0,0,0,D,D,0,No Deposit,0,0,Check-Out,2017-08-08
97.2,City Hotel,yes,45,2017,March,11,16,0,1,2,0,0,0,0,0,A,A,0,No Deposit,0,0,Canceled,2017-02-07
160,City Hotel,yes,25,2017,May,22,31,0,1,2,0,0,0,0,0,A,A,0,No Deposit,0,1,Canceled,2017-05-17
130.8,City Hotel,yes,156,2017,May,19,12,1,2,1,0,0,0,0,0,A,A,0,No Deposit,0,0,Canceled,2016-12-07
195.58,Resort Hotel,no,22,2016,August,33,12,0,1,1,0,0,0,0,0,E,E,0,No Deposit,0,1,Check-Out,2016-08-13
150,City Hotel,no,141,2017,August,34,23,0,2,2,0,0,0,0,0,D,D,0,No Deposit,0,2,Check-Out,2017-08-25
98.1,City Hotel,no,77,2017,June,24,12,1,3,2,0,0,0,0,0,D,D,0,No Deposit,0,0,Check-Out,2017-06-16
117.74,Resort Hotel,no,0,2017,July,27,2,1,0,2,0,0,0,0,0,A,F,2,No Deposit,0,1,Check-Out,2017-07-03
84.33,City Hotel,no,133,2016,March,11,11,1,2,2,0,0,0,0,0,A,A,0,No Deposit,0,1,Check-Out,2016-03-14
87,Resort Hotel,no,13,2017,March,10,5,2,0,2,0,0,0,0,0,E,E,1,No Deposit,1,0,Check-Out,2017-03-07
224,City Hotel,yes,37,2017,April,17,24,1,2,2,2,0,0,0,0,F,F,0,No Deposit,0,0,Canceled,2017-03-18
232,City Hotel,no,4,2017,May,18,5,0,1,2,0,0,0,0,0,G,G,0,No Deposit,0,1,Check-Out,2017-05-06
99,City Hotel,no,2,2017,February,7,17,0,2,2,0,0,0,0,0,A,A,0,No Deposit,0,0,Check-Out,2017-02-19
93.5,City Hotel,yes,316,2017,April,16,21,0,1,2,0,0,0,0,0,A,A,0,No Deposit,0,0,Canceled,2017-03-23
117,City Hotel,no,102,2017,April,15,9,2,1,2,0,0,0,0,0,A,A,0,No Deposit,0,0,Check-Out,2017-04-12
130,City Hotel,no,20,2017,May,21,21,2,1,2,0,0,0,0,0,A,A,0,No Deposit,0,1,Check-Out,2017-05-24
59.4,City Hotel,no,2,2017,February,7,18,2,2,2,0,0,0,0,0,A,A,0,No Deposit,0,0,Check-Out,2017-02-22
129.96,City Hotel,no,73,2016,May,22,25,1,4,2,0,0,0,0,0,D,D,2,No Deposit,0,1,Check-Out,2016-05-30
114.28,City Hotel,yes,12,2017,January,2,14,2,6,3,0,0,0,0,0,E,E,0,No Deposit,0,2,Canceled,2017-01-04
43,Resort Hotel,no,4,2016,March,13,20,2,1,2,0,0,0,0,0,D,D,0,No Deposit,1,0,Check-Out,2016-03-23
158,City Hotel,no,18,2017,February,8,23,0,1,3,0,0,0,0,0,D,D,0,No Deposit,0,0,Check-Out,2017-02-24
115,City Hotel,no,0,2017,August,34,23,0,1,1,0,0,0,0,0,D,D,0,No Deposit,0,0,Check-Out,2017-08-24
191.25,City Hotel,yes,134,2017,April,17,28,2,2,2,2,0,0,0,0,F,F,0,No Deposit,0,2,Canceled,2017-03-22
68.53,City Hotel,no,5,2016,May,21,16,1,0,2,0,0,0,0,0,A,A,0,No Deposit,0,1,Check-Out,2016-05-17
173,Resort Hotel,no,1,2017,July,27,3,1,0,2,0,0,0,0,0,F,F,0,No Deposit,0,1,Check-Out,2017-07-04
115,Resort Hotel,no,0,2016,May,19,1,1,0,2,0,0,0,0,0,F,F,0,No Deposit,0,1,Check-Out,2016-05-02
99,City Hotel,no,8,2016,May,22,25,0,1,2,0,0,0,0,0,A,A,0,No Deposit,0,1,Check-Out,2016-05-26
76.5,Resort Hotel,yes,201,2017,May,19,13,1,1,2,0,0,0,0,0,A,A,0,No Deposit,0,1,Canceled,2016-10-26
92.65,City Hotel,no,18,2016,June,24,9,0,1,2,0,0,0,0,0,A,A,0,No Deposit,0,0,Check-Out,2016-06-10
129,City Hotel,yes,45,2017,July,31,30,2,1,1,0,0,0,0,0,A,A,0,No Deposit,0,0,Canceled,2017-06-20
75.42,City Hotel,no,0,2016,April,14,1,0,2,2,0,0,0,0,0,A,E,0,No Deposit,0,0,Check-Out,2016-04-03
99.63,City Hotel,no,0,2016,September,36,1,0,1,2,0,0,0,0,0,A,A,0,No Deposit,0,0,Check-Out,2016-09-02
189,City Hotel,no,166,2017,June,25,22,0,2,2,2,0,0,0,0,F,F,3,No Deposit,0,1,Check-Out,2017-06-24
79.2,City Hotel,no,94,2016,November,45,3,1,3,2,0,0,0,0,0,A,A,0,No Deposit,0,1,Check-Out,2016-11-07
150,City Hotel,no,76,2017,July,31,31,1,1,2,0,0,0,0,0,A,A,0,No Deposit,0,1,Check-Out,2017-08-02
130,City Hotel,no,0,2017,June,22,3,0,1,1,0,0,0,0,0,A,D,0,No Deposit,0,0,Check-Out,2017-06-04
62,City Hotel,no,23,2016,January,3,11,1,0,2,0,0,0,0,0,A,A,0,No Deposit,0,0,Check-Out,2016-01-12
189,City Hotel,no,103,2017,May,20,16,0,2,3,0,0,0,0,0,D,D,0,No Deposit,0,0,Check-Out,2017-05-18
97,City Hotel,no,8,2016,November,47,15,0,4,1,0,0,0,0,0,A,A,0,No Deposit,0,3,Check-Out,2016-11-19
151.2,City Hotel,no,95,2016,October,41,7,1,2,3,0,0,0,0,0,D,D,0,No Deposit,0,2,Check-Out,2016-10-10
82.45,City Hotel,no,1,2016,January,3,15,2,6,2,0,0,0,0,0,A,A,0,No Deposit,0,1,Check-Out,2016-01-23
149.4,City Hotel,yes,34,2016,August,33,10,0,1,2,0,0,0,0,0,D,D,0,No Deposit,0,0,Canceled,2016-07-09
89,City Hotel,no,13,2016,June,25,14,0,1,2,0,0,0,0,0,A,A,0,No Deposit,0,0,Check-Out,2016-06-15
250.96,City Hotel,no,34,2017,July,30,29,1,1,2,2,0,0,0,0,G,G,0,No Deposit,0,1,Check-Out,2017-07-31
207,Resort Hotel,yes,114,2016,July,30,21,2,3,2,0,0,0,0,0,E,E,1,No Deposit,0,0,Canceled,2016-06-21
180,Resort Hotel,no,10,2016,December,53,31,0,1,2,2,0,0,0,0,G,G,0,No Deposit,0,0,Check-Out,2017-01-01
116.1,City Hotel,yes,76,2016,May,22,22,1,0,2,0,0,0,0,0,A,A,0,No Deposit,0,0,Canceled,2016-05-11
128,City Hotel,no,7,2016,August,35,23,0,1,2,0,0,0,0,0,A,A,0,No Deposit,0,1,Check-Out,2016-08-24
91.85,City Hotel,yes,315,2017,July,27,7,0,1,0,2,0,0,0,0,B,B,0,No Deposit,0,2,Canceled,2016-09-19
140,Resort Hotel,no,21,2017,June,24,13,0,1,2,0,0,0,0,0,A,A,0,No Deposit,0,1,Check-Out,2017-06-14
111,City Hotel,no,1,2016,April,17,18,1,0,2,0,0,0,0,0,A,A,0,No Deposit,0,0,Check-Out,2016-04-19
69.7,City Hotel,no,1,2017,January,2,14,2,1,1,0,0,0,0,0,A,A,1,No Deposit,0,1,Check-Out,2017-01-17
154,City Hotel,yes,12,2016,September,37,4,2,0,2,0,0,0,0,0,D,D,0,No Deposit,0,0,Canceled,2016-08-23
29,Resort Hotel,no,54,2016,November,47,19,2,3,2,0,0,0,0,0,A,D,0,No Deposit,0,0,Check-Out,2016-11-24
99,City Hotel,no,207,2017,June,25,24,2,2,2,0,0,0,0,0,A,A,0,No Deposit,0,4,Check-Out,2017-06-28
60,Resort Hotel,no,63,2017,April,14,6,0,2,2,0,0,0,0,0,A,A,0,No Deposit,0,2,Check-Out,2017-04-08
102,Resort Hotel,no,79,2016,April,17,22,1,2,2,0,0,0,0,0,F,F,0,No Deposit,1,0,Check-Out,2016-04-25
180,City Hotel,no,34,2017,May,19,12,0,1,2,0,0,0,0,0,A,A,0,No Deposit,0,2,Check-Out,2017-05-13
96,City Hotel,no,55,2017,June,25,23,0,2,2,0,0,0,0,0,A,A,1,No Deposit,0,1,Check-Out,2017-06-25
155.49,City Hotel,no,71,2016,November,46,8,1,5,2,1,0,0,0,0,F,F,0,No Deposit,0,1,Check-Out,2016-11-14
43.89,Resort Hotel,no,28,2016,October,43,18,0,2,2,0,0,0,0,0,A,A,0,No Deposit,0,1,Check-Out,2016-10-20
118.5,Resort Hotel,no,160,2016,June,25,13,2,5,2,0,0,0,0,0,D,D,1,No Deposit,0,2,Check-Out,2016-06-20
111.75,Resort Hotel,no,228,2016,September,36,2,2,2,2,0,0,0,0,0,E,F,0,No Deposit,1,0,Check-Out,2016-09-06
110,Resort Hotel,no,0,2017,April,14,8,0,1,2,0,0,0,0,0,E,E,0,No Deposit,0,2,Check-Out,2017-04-09
162.67,City Hotel,no,0,2017,April,15,10,1,2,2,0,0,0,0,0,A,A,1,No Deposit,1,1,Check-Out,2017-04-13
108,City Hotel,yes,148,2017,May,18,1,1,2,2,0,0,0,0,0,A,A,0,No Deposit,0,1,Canceled,2017-03-31
90,City Hotel,yes,56,2016,April,17,17,2,0,2,0,0,0,0,0,A,A,0,No Deposit,0,0,Canceled,2016-03-01
45,Resort Hotel,no,1,2016,January,4,22,0,2,2,0,0,0,0,0,A,D,0,No Deposit,0,0,Check-Out,2016-01-24
139,Resort Hotel,yes,69,2016,September,40,30,0,1,2,0,0,0,0,0,E,E,0,No Deposit,0,0,Canceled,2016-07-23
120,City Hotel,no,110,2016,October,42,9,1,0,1,0,0,0,0,0,A,K,1,No Deposit,0,0,Check-Out,2016-10-10
90,City Hotel,no,127,2016,April,18,28,1,3,2,0,0,0,0,0,A,A,0,No Deposit,0,0,Check-Out,2016-05-02
101.52,City Hotel,no,64,2016,September,40,28,0,3,2,0,0,0,0,0,A,A,0,No Deposit,0,0,Check-Out,2016-10-01
110.8,City Hotel,no,14,2016,June,24,8,0,4,1,0,0,0,0,0,A,A,0,No Deposit,0,1,Check-Out,2016-06-12
228,Resort Hotel,no,1,2017,July,29,20,0,1,2,0,0,0,0,0,F,F,0,No Deposit,1,1,Check-Out,2017-07-21
84.33,City Hotel,no,133,2016,March,11,11,1,2,2,0,0,0,0,0,A,A,0,No Deposit,0,1,Check-Out,2016-03-14
93.5,City Hotel,no,28,2017,April,16,21,0,1,1,0,0,0,0,0,A,D,1,No Deposit,0,0,Check-Out,2017-04-22
112.67,City Hotel,no,504,2017,August,32,12,2,1,2,0,0,0,0,0,A,A,0,No Deposit,0,1,Check-Out,2017-08-15
137.7,City Hotel,no,67,2016,September,38,16,2,2,2,0,0,0,0,0,D,D,0,No Deposit,0,1,Check-Out,2016-09-20
160,City Hotel,yes,28,2017,August,32,9,0,3,2,0,0,0,0,0,A,A,0,No Deposit,0,1,Canceled,2017-07-16
165,Resort Hotel,no,50,2017,June,23,8,0,1,2,0,0,0,0,0,E,E,0,No Deposit,0,0,Check-Out,2017-06-09
111.25,Resort Hotel,no,96,2017,May,19,7,2,0,2,0,0,0,0,0,E,E,0,No Deposit,0,1,Check-Out,2017-05-09
79.2,City Hotel,no,72,2017,May,18,1,1,2,1,0,0,0,0,0,A,A,0,No Deposit,0,0,Check-Out,2017-05-04
230,City Hotel,yes,60,2017,April,15,15,0,1,2,2,0,0,0,0,F,F,1,No Deposit,0,0,Canceled,2017-03-12
55,Resort Hotel,no,203,2017,May,21,25,0,3,2,0,0,0,0,0,A,A,0,No Deposit,0,0,Check-Out,2017-05-28
166,City Hotel,no,101,2017,August,35,27,1,0,2,0,0,0,0,0,D,D,4,No Deposit,0,2,Check-Out,2017-08-28
106.2,City Hotel,no,45,2016,April,18,28,0,1,2,0,0,0,0,0,A,A,0,No Deposit,0,1,Check-Out,2016-04-29
52.8,Resort Hotel,no,3,2016,January,2,8,1,2,2,0,0,0,0,0,E,E,0,No Deposit,0,0,Check-Out,2016-01-11
211,City Hotel,no,93,2016,May,22,23,1,2,2,0,0,0,0,0,E,E,1,No Deposit,0,0,Check-Out,2016-05-26
104,City Hotel,no,1,2016,April,17,23,1,1,2,0,0,0,0,0,A,A,0,No Deposit,0,0,Check-Out,2016-04-25
88,City Hotel,yes,20,2016,December,53,25,2,0,2,0,0,0,0,0,A,A,0,No Deposit,0,2,Canceled,2016-12-08
265,Resort Hotel,yes,76,2017,August,33,18,2,3,2,0,0,0,0,0,E,E,0,No Deposit,0,1,Canceled,2017-08-04
106.5,City Hotel,no,92,2016,November,46,11,1,2,2,0,0,0,0,0,A,A,0,No Deposit,0,1,Check-Out,2016-11-14
190,City Hotel,no,83,2017,July,29,22,2,2,3,0,0,0,0,0,D,D,0,No Deposit,0,1,Check-Out,2017-07-26
200,City Hotel,yes,51,2017,June,25,20,0,2,3,0,0,0,0,0,E,E,0,No Deposit,0,1,Canceled,2017-05-03
6.4,City Hotel,no,19,2016,November,48,26,4,7,0,0,0,0,0,1,A,K,4,No Deposit,0,0,Check-Out,2016-12-07
93.5,City Hotel,no,64,2016,March,12,18,2,2,1,0,0,0,0,0,A,A,0,No Deposit,0,0,Check-Out,2016-03-22
136,City Hotel,no,0,2016,October,42,12,0,1,1,0,0,0,0,0,B,B,1,No Deposit,0,0,Check-Out,2016-10-13
60.98,City Hotel,no,71,2017,March,11,17,0,1,2,0,0,0,0,0,A,A,0,No Deposit,0,1,Check-Out,2017-03-18
97.2,City Hotel,yes,104,2017,March,10,10,0,2,2,0,0,0,0,0,A,A,0,No Deposit,0,0,Canceled,2017-02-24
42,Resort Hotel,yes,73,2017,February,8,19,2,1,2,0,0,0,0,0,A,A,0,No Deposit,0,0,Canceled,2016-12-08
91.85,City Hotel,yes,315,2017,July,27,7,0,1,2,0,0,0,0,0,B,B,1,No Deposit,0,3,Canceled,2016-09-18
76.5,City Hotel,no,226,2016,July,30,22,0,2,2,0,0,0,0,0,A,A,0,No Deposit,0,1,Check-Out,2016-07-24
139.5,City Hotel,yes,191,2017,August,31,5,1,1,2,0,0,0,0,0,D,D,5,No Deposit,0,0,Canceled,2017-07-12
253.33,City Hotel,no,66,2017,April,15,11,0,3,3,0,0,0,0,0,G,G,0,No Deposit,0,2,Check-Out,2017-04-14
99.46,City Hotel,no,8,2016,August,35,22,1,5,2,0,0,0,0,0,D,D,0,No Deposit,0,1,Check-Out,2016-08-28
300,Resort Hotel,yes,161,2017,August,32,11,1,2,2,2,0,0,0,0,G,G,1,No Deposit,0,1,Canceled,2017-07-06
124.39,City Hotel,no,176,2017,June,26,30,0,2,3,0,0,0,0,0,D,D,0,No Deposit,0,1,Check-Out,2017-07-02
94.5,City Hotel,no,30,2016,November,48,25,1,2,2,0,0,0,0,0,D,D,0,No Deposit,0,0,Check-Out,2016-11-28
73.33,City Hotel,no,220,2016,June,23,4,2,1,2,0,0,0,0,0,A,A,0,No Deposit,0,1,Check-Out,2016-06-07
108,City Hotel,no,40,2016,September,38,13,0,5,1,0,0,0,0,0,A,A,2,No Deposit,0,0,Check-Out,2016-09-18
109.33,City Hotel,no,0,2017,January,1,2,1,2,1,0,0,0,0,0,D,D,1,No Deposit,0,0,Check-Out,2017-01-05
93,City Hotel,yes,10,2016,February,9,25,0,3,2,0,0,0,0,0,A,A,0,No Deposit,0,0,Canceled,2016-02-25
76.5,Resort Hotel,yes,201,2017,May,19,13,1,1,2,0,0,0,0,0,A,A,0,No Deposit,0,1,Canceled,2016-10-26
152,City Hotel,yes,6,2017,March,10,10,2,3,1,0,0,0,0,0,E,E,0,No Deposit,0,0,Canceled,2017-03-08
43.89,Resort Hotel,no,28,2016,October,43,18,0,2,2,0,0,0,0,0,A,A,0,No Deposit,0,1,Check-Out,2016-10-20
89.1,City Hotel,no,170,2017,July,27,8,0,1,2,0,0,0,0,0,A,F,0,No Deposit,0,1,Check-Out,2017-07-09
46,Resort Hotel,no,0,2016,February,8,20,0,1,2,0,0,0,0,0,D,D,0,No Deposit,1,0,Check-Out,2016-02-21
189.9,City Hotel,yes,153,2016,June,25,12,2,1,2,2,0,0,0,0,F,F,2,No Deposit,0,0,Canceled,2016-01-18
126.9,City Hotel,yes,283,2017,May,21,27,1,1,2,0,0,0,0,0,A,A,0,No Deposit,0,2,Canceled,2016-08-18
57.6,City Hotel,no,51,2017,March,10,11,2,6,2,0,0,0,0,0,A,A,0,No Deposit,0,0,Check-Out,2017-03-19
166,City Hotel,yes,202,2017,April,15,9,2,1,3,0,0,0,0,0,D,D,0,No Deposit,0,0,Canceled,2016-09-19
89.1,City Hotel,yes,223,2017,July,27,5,1,4,2,0,0,0,0,0,A,A,0,No Deposit,0,0,Canceled,2017-01-12
180,City Hotel,no,0,2016,October,41,8,0,1,2,0,0,0,0,0,A,A,0,No Deposit,0,0,Check-Out,2016-10-09
156.6,Resort Hotel,no,17,2017,July,29,21,0,2,2,0,0,0,0,0,D,D,0,No Deposit,0,1,Check-Out,2017-07-23
73.33,City Hotel,no,220,2016,June,23,4,2,1,2,0,0,0,0,0,A,A,0,No Deposit,0,1,Check-Out,2016-06-07
66,Resort Hotel,no,1,2016,December,49,3,0,1,2,0,0,0,0,0,A,D,1,No Deposit,1,0,Check-Out,2016-12-04
96.25,Resort Hotel,no,106,2017,May,19,12,2,5,1,0,0,0,0,0,F,F,2,No Deposit,0,0,Check-Out,2017-05-19
181,Resort Hotel,no,61,2016,September,36,3,1,1,2,0,0,0,0,0,E,G,0,No Deposit,0,1,Check-Out,2016-09-05
232,Resort Hotel,no,27,2017,August,32,8,0,2,1,0,0,0,0,0,E,E,2,No Deposit,0,1,Check-Out,2017-08-10
135.9,City Hotel,yes,38,2016,May,19,7,1,1,2,0,0,0,0,0,A,A,0,No Deposit,0,0,Canceled,2016-04-10
90,City Hotel,no,0,2017,March,10,7,0,5,1,0,0,0,0,0,D,A,0,No Deposit,0,0,Check-Out,2017-03-12
171,City Hotel,no,71,2017,April,16,17,1,2,3,0,0,0,0,0,D,D,0,No Deposit,0,2,Check-Out,2017-04-20
99,City Hotel,yes,144,2017,April,16,17,1,3,2,0,0,0,0,0,A,A,0,No Deposit,0,0,Canceled,2016-11-24
266.2,City Hotel,no,24,2017,July,31,31,1,2,2,2,0,0,0,0,E,E,2,No Deposit,0,1,Check-Out,2017-08-03
149.52,Resort Hotel,no,74,2016,June,25,13,1,1,2,0,0,0,0,0,G,G,2,No Deposit,1,1,Check-Out,2016-06-15
111,City Hotel,yes,102,2017,May,18,2,0,4,1,0,0,0,0,0,A,A,2,No Deposit,0,1,Canceled,2017-04-05
105.31,Resort Hotel,no,0,2017,July,30,28,1,2,2,0,0,0,0,0,A,B,0,No Deposit,1,0,Check-Out,2017-07-31
142,City Hotel,no,14,2016,April,16,15,0,2,2,0,0,0,0,0,D,D,0,No Deposit,0,1,Check-Out,2016-04-17
121.59,City Hotel,no,1,2017,April,15,15,0,1,2,0,0,0,0,0,A,A,0,No Deposit,0,1,Check-Out,2017-04-16
166.5,City Hotel,no,177,2017,June,25,24,2,1,3,0,0,0,0,0,D,D,4,No Deposit,0,5,Check-Out,2017-06-27
91.2,City Hotel,no,78,2017,July,29,19,0,3,2,0,0,0,0,0,A,A,0,No Deposit,0,1,Check-Out,2017-07-22
120,City Hotel,no,81,2017,July,29,18,0,3,2,0,0,0,0,0,A,A,1,No Deposit,0,1,Check-Out,2017-07-21
101.7,City Hotel,no,135,2016,May,22,28,2,1,2,0,0,0,0,0,A,C,0,No Deposit,0,1,Check-Out,2016-05-31
78.31,Resort Hotel,no,113,2016,April,18,26,0,2,1,0,0,0,0,0,G,G,1,No Deposit,0,1,Check-Out,2016-04-28
95,City Hotel,no,95,2017,August,33,19,2,2,1,0,0,0,0,0,A,A,11,No Deposit,0,0,Check-Out,2017-08-23
96,Resort Hotel,no,0,2016,October,42,11,0,2,2,0,0,0,0,0,E,F,0,No Deposit,1,0,Check-Out,2016-10-13
101.1,City Hotel,yes,59,2016,June,27,27,1,2,2,0,0,0,0,0,A,A,0,No Deposit,0,0,Canceled,2016-06-18
72.16,City Hotel,no,98,2017,August,35,27,1,0,2,0,0,0,0,0,A,A,0,No Deposit,0,0,Check-Out,2017-08-28
90,City Hotel,no,127,2016,April,18,28,1,3,2,0,0,0,0,0,A,A,0,No Deposit,0,0,Check-Out,2016-05-02
119.5,City Hotel,no,36,2016,October,43,20,0,2,2,0,0,0,0,0,A,A,0,No Deposit,0,2,Check-Out,2016-10-22
260,City Hotel,no,10,2017,August,33,18,0,1,2,1,0,0,0,0,F,F,0,No Deposit,0,0,Check-Out,2017-08-19
139,City Hotel,yes,39,2017,July,27,2,2,0,2,0,0,0,0,0,D,D,0,No Deposit,0,0,Canceled,2017-05-26
143.1,City Hotel,no,110,2016,June,23,3,0,1,2,1,0,0,0,0,A,G,1,No Deposit,0,3,Check-Out,2016-06-04
119.5,City Hotel,no,34,2016,June,25,12,2,1,0,2,0,0,0,0,B,B,0,No Deposit,0,1,Check-Out,2016-06-15
100.3,City Hotel,yes,32,2017,February,8,24,2,4,1,0,0,0,0,0,D,D,0,No Deposit,0,1,Canceled,2017-02-07
95,City Hotel,no,78,2016,September,40,29,0,3,2,0,0,0,0,0,A,A,0,No Deposit,0,1,Check-Out,2016-10-02
220,City Hotel,no,23,2017,July,28,12,0,1,3,0,0,0,0,0,E,E,0,No Deposit,0,0,Check-Out,2017-07-13
43.53,City Hotel,no,23,2017,January,5,29,4,9,1,0,0,0,0,0,A,A,0,No Deposit,0,1,Check-Out,2017-02-11
112.5,City Hotel,no,125,2017,August,32,9,0,4,2,0,0,0,0,0,A,A,0,No Deposit,0,2,Check-Out,2017-08-13
99,City Hotel,no,166,2017,May,18,1,1,1,2,0,0,0,0,0,A,A,0,No Deposit,0,2,Check-Out,2017-05-03
165,City Hotel,no,38,2017,June,25,19,1,1,2,0,0,0,0,0,A,A,0,No Deposit,0,2,Check-Out,2017-06-21
130,City Hotel,yes,34,2017,June,23,5,1,5,1,0,0,0,0,0,A,A,0,No Deposit,0,1,Canceled,2017-05-03
150,City Hotel,no,39,2017,August,31,2,0,3,2,0,0,0,0,0,A,A,2,No Deposit,0,3,Check-Out,2017-08-05
104.55,City Hotel,yes,220,2016,December,52,21,1,4,3,0,0,0,0,0,D,D,0,No Deposit,0,0,Canceled,2016-07-20
130,City Hotel,no,23,2016,September,37,8,0,2,2,0,0,0,0,0,A,A,0,No Deposit,0,1,Check-Out,2016-09-10
165,Resort Hotel,no,32,2017,May,21,27,2,2,2,2,0,0,0,0,G,G,0,No Deposit,0,1,Check-Out,2017-05-31
80.75,City Hotel,no,220,2016,October,43,20,1,3,2,0,0,0,0,0,A,A,0,No Deposit,0,1,Check-Out,2016-10-24
141.7,City Hotel,no,43,2017,March,12,20,1,1,2,0,0,0,0,0,D,A,1,No Deposit,0,1,Check-Out,2017-03-22
120,City Hotel,no,180,2016,October,42,10,1,2,1,0,0,0,0,0,A,A,1,No Deposit,0,0,Check-Out,2016-10-13
224,Resort Hotel,yes,22,2016,July,28,9,2,1,2,0,0,0,0,0,H,H,0,No Deposit,0,0,Canceled,2016-06-20
74.8,City Hotel,yes,37,2016,December,49,2,2,2,2,0,0,0,0,0,A,A,0,No Deposit,0,1,No-Show,2016-12-02
74.8,City Hotel,no,54,2016,November,47,18,2,2,2,0,0,0,0,0,A,A,0,No Deposit,0,1,Check-Out,2016-11-22
119.1,Resort Hotel,no,170,2016,July,27,2,0,1,2,0,0,0,0,0,A,F,0,No Deposit,1,2,Check-Out,2016-07-03
127.25,City Hotel,yes,91,2017,May,19,11,1,3,2,0,0,0,0,0,A,A,2,No Deposit,0,1,Canceled,2017-02-20
198,City Hotel,yes,45,2017,March,10,11,1,1,2,2,0,0,0,0,F,F,0,No Deposit,0,0,Canceled,2017-01-26
149.4,City Hotel,no,202,2017,April,15,9,2,1,3,0,0,0,0,0,D,D,0,No Deposit,0,2,Check-Out,2017-04-12
0,City Hotel,no,42,2016,August,35,27,8,20,0,0,0,0,0,0,D,K,2,No Deposit,0,1,Check-Out,2016-09-24
144.4,City Hotel,no,31,2017,May,21,22,1,2,1,0,0,0,0,0,D,D,1,No Deposit,0,1,Check-Out,2017-05-25
95.2,City Hotel,yes,79,2016,April,15,3,2,4,2,0,0,0,0,0,D,D,0,No Deposit,0,0,Canceled,2016-01-16
103.5,City Hotel,yes,151,2016,August,33,13,1,1,2,0,0,0,0,0,A,A,1,No Deposit,0,0,Canceled,2016-03-25
67.5,City Hotel,yes,70,2016,March,11,9,0,2,2,0,0,0,0,0,A,A,0,No Deposit,0,1,Canceled,2016-01-13
117.04,City Hotel,no,17,2016,October,41,7,2,2,2,0,0,0,0,0,A,A,1,No Deposit,0,1,Check-Out,2016-10-11
80.1,City Hotel,no,189,2017,August,35,29,0,3,2,0,0,0,0,0,A,B,1,No Deposit,0,1,Check-Out,2017-09-01
73.8,Resort Hotel,yes,76,2016,December,52,24,1,1,2,0,0,0,0,0,G,G,0,No Deposit,0,2,Canceled,2016-10-31
128.7,City Hotel,no,140,2016,July,27,2,1,1,3,0,0,0,0,0,D,D,0,No Deposit,0,3,Check-Out,2016-07-04
135,City Hotel,yes,83,2017,May,18,3,0,4,2,0,0,0,0,0,D,D,0,No Deposit,0,0,Canceled,2017-02-09
40.67,City Hotel,no,15,2016,February,7,12,1,2,2,0,0,0,0,0,A,A,0,No Deposit,0,0,Check-Out,2016-02-15
195,City Hotel,no,108,2017,August,32,10,1,3,3,0,0,0,0,0,D,D,2,No Deposit,0,2,Check-Out,2017-08-14
63.06,City Hotel,no,286,2017,March,9,4,2,1,2,0,0,0,0,0,A,A,0,No Deposit,0,1,Check-Out,2017-03-07
128.7,City Hotel,no,57,2016,October,42,13,2,4,1,0,0,0,0,0,D,D,0,No Deposit,0,0,Check-Out,2016-10-19
120,City Hotel,no,180,2016,October,42,10,1,2,1,0,0,0,0,0,A,A,1,No Deposit,0,1,Check-Out,2016-10-13
117.5,City Hotel,no,3,2016,December,49,2,0,2,2,0,0,0,0,0,D,D,0,No Deposit,0,2,Check-Out,2016-12-04
